path,ransomware_family,label_group,crypto_family,split,file_size
data\ransomware_family\BLACKCAT\0007-jpg-fromweb.jpg.uhwuvzu,BLACKCAT,unknown_encrypted,unknown_encrypted,train,41100
data\ransomware_family\BLACKCAT\0005-pptx.pptx.uhwuvzu,BLACKCAT,unknown_encrypted,unknown_encrypted,train,327341
data\ransomware_family\BLACKCAT\0010-doc.doc.uhwuvzu,BLACKCAT,unknown_encrypted,unknown_encrypted,train,45324
data\ransomware_family\BLACKCAT\0002-jpg-fromweb.jpg.uhwuvzu,BLACKCAT,unknown_encrypted,unknown_encrypted,train,91541
data\ransomware_family\BLACKCAT\0010-pdf.pdf.uhwuvzu,BLACKCAT,unknown_encrypted,unknown_encrypted,train,23832
data\ransomware_family\BLACKCAT\0005-jpg-fromweb.jpg.uhwuvzu,BLACKCAT,unknown_encrypted,unknown_encrypted,train,20534
data\ransomware_family\BLACKCAT\0001-docx.docx.uhwuvzu,BLACKCAT,unknown_encrypted,unknown_encrypted,train,97114
data\ransomware_family\BLACKCAT\0012-docx.docx.uhwuvzu,BLACKCAT,unknown_encrypted,unknown_encrypted,train,629317
data\ransomware_family\BLACKCAT\0003-docx.docx.uhwuvzu,BLACKCAT,unknown_encrypted,unknown_encrypted,train,50866
data\ransomware_family\BLACKCAT\0012-jpg-fromweb.jpg.uhwuvzu,BLACKCAT,unknown_encrypted,unknown_encrypted,train,140929
data\ransomware_family\BLACKCAT\0011-pdf.pdf.uhwuvzu,BLACKCAT,unknown_encrypted,unknown_encrypted,train,832577
data\ransomware_family\BLACKCAT\0002-pdf.pdf.uhwuvzu,BLACKCAT,unknown_encrypted,unknown_encrypted,train,2298832
data\ransomware_family\BLACKCAT\BLACKCAT.pdf,BLACKCAT,unknown_encrypted,unknown_encrypted,train,3516111
data\ransomware_family\BLACKCAT\0007-doc.doc.uhwuvzu,BLACKCAT,unknown_encrypted,unknown_encrypted,train,201996
data\ransomware_family\BLACKCAT\0008-xlsx.xlsx.uhwuvzu,BLACKCAT,unknown_encrypted,unknown_encrypted,train,1163451
data\ransomware_family\BLACKCAT\0006-xlsx.xlsx.uhwuvzu,BLACKCAT,unknown_encrypted,unknown_encrypted,train,1186452
data\ransomware_family\BLACKCAT\0008-doc.doc.uhwuvzu,BLACKCAT,unknown_encrypted,unknown_encrypted,train,76556
data\ransomware_family\BLACKCAT\0014-pptx.pptx.uhwuvzu,BLACKCAT,unknown_encrypted,unknown_encrypted,train,5920892
data\ransomware_family\BLACKCAT\0011-pptx.pptx.uhwuvzu,BLACKCAT,unknown_encrypted,unknown_encrypted,train,5624277
data\ransomware_family\BLACKCAT\0009-doc.doc.uhwuvzu,BLACKCAT,unknown_encrypted,unknown_encrypted,train,457996
data\ransomware_family\BLACKCAT\0009-jpg-fromweb.jpg.uhwuvzu,BLACKCAT,unknown_encrypted,unknown_encrypted,train,44981
data\ransomware_family\BLACKCAT\0002-docx.docx.uhwuvzu,BLACKCAT,unknown_encrypted,unknown_encrypted,train,1800081
data\ransomware_family\BLACKCAT\0004-doc.doc.uhwuvzu,BLACKCAT,unknown_encrypted,unknown_encrypted,train,71948
data\ransomware_family\BLACKCAT\0005-xls.xls.uhwuvzu,BLACKCAT,unknown_encrypted,unknown_encrypted,train,877324
data\ransomware_family\BLACKCAT\0012-pdf.pdf.uhwuvzu,BLACKCAT,unknown_encrypted,unknown_encrypted,train,73086
data\ransomware_family\BLACKCAT\0010-jpg-fromweb.jpg.uhwuvzu,BLACKCAT,unknown_encrypted,unknown_encrypted,train,26297
data\ransomware_family\BLACKCAT\0008-pdf.pdf.uhwuvzu,BLACKCAT,unknown_encrypted,unknown_encrypted,train,158690
data\ransomware_family\BLACKCAT\0013-doc.doc.uhwuvzu,BLACKCAT,unknown_encrypted,unknown_encrypted,train,158476
data\ransomware_family\BLACKCAT\0004-xls.xls.uhwuvzu,BLACKCAT,unknown_encrypted,unknown_encrypted,train,1182476
data\ransomware_family\BLACKCAT\0011-doc.doc.uhwuvzu,BLACKCAT,unknown_encrypted,unknown_encrypted,train,184076
data\ransomware_family\BLACKCAT\0008-docx.docx.uhwuvzu,BLACKCAT,unknown_encrypted,unknown_encrypted,train,255790
data\ransomware_family\BLACKCAT\0014-jpg-fromweb.jpg.uhwuvzu,BLACKCAT,unknown_encrypted,unknown_encrypted,train,18686
data\ransomware_family\BLACKCAT\0007-xlsx.xlsx.uhwuvzu,BLACKCAT,unknown_encrypted,unknown_encrypted,train,1281337
data\ransomware_family\BLACKCAT\0009-pptx.pptx.uhwuvzu,BLACKCAT,unknown_encrypted,unknown_encrypted,train,1535943
data\ransomware_family\BLACKCAT\0006-jpg-fromweb.jpg.uhwuvzu,BLACKCAT,unknown_encrypted,unknown_encrypted,train,20771
data\ransomware_family\BLACKCAT\0007-xls.xls.uhwuvzu,BLACKCAT,unknown_encrypted,unknown_encrypted,train,3888908
data\ransomware_family\BLACKCAT\0007-pdf.pdf.uhwuvzu,BLACKCAT,unknown_encrypted,unknown_encrypted,train,390142
data\ransomware_family\BLACKCAT\0015-docx.docx.uhwuvzu,BLACKCAT,unknown_encrypted,unknown_encrypted,train,19040
data\ransomware_family\BLACKCAT\0013-pptx.pptx.uhwuvzu,BLACKCAT,unknown_encrypted,unknown_encrypted,train,4476638
data\ransomware_family\BLACKCAT\0014-doc.doc.uhwuvzu,BLACKCAT,unknown_encrypted,unknown_encrypted,train,94988
data\ransomware_family\BLACKCAT\0002-xls.xls.uhwuvzu,BLACKCAT,unknown_encrypted,unknown_encrypted,train,700172
data\ransomware_family\BLACKCAT\0006-docx.docx.uhwuvzu,BLACKCAT,unknown_encrypted,unknown_encrypted,train,89393
data\ransomware_family\BLACKCAT\0004-jpg-fromweb.jpg.uhwuvzu,BLACKCAT,unknown_encrypted,unknown_encrypted,train,74929
data\ransomware_family\BLACKCAT\0006-pptx.pptx.uhwuvzu,BLACKCAT,unknown_encrypted,unknown_encrypted,train,2693474
data\ransomware_family\BLACKCAT\0006-xls.xls.uhwuvzu,BLACKCAT,unknown_encrypted,unknown_encrypted,train,6924556
data\ransomware_family\BLACKCAT\0003-pptx.pptx.uhwuvzu,BLACKCAT,unknown_encrypted,unknown_encrypted,train,15376447
data\ransomware_family\BLACKCAT\0010-pptx.pptx.uhwuvzu,BLACKCAT,unknown_encrypted,unknown_encrypted,train,213069
data\ransomware_family\BLACKCAT\0009-xlsx.xlsx.uhwuvzu,BLACKCAT,unknown_encrypted,unknown_encrypted,train,1276435
data\ransomware_family\BLACKCAT\0009-xls.xls.uhwuvzu,BLACKCAT,unknown_encrypted,unknown_encrypted,train,6964492
data\ransomware_family\BLACKCAT\0002-doc.doc.uhwuvzu,BLACKCAT,unknown_encrypted,unknown_encrypted,train,44812
data\ransomware_family\BLACKCAT\0005-xlsx.xlsx.uhwuvzu,BLACKCAT,unknown_encrypted,unknown_encrypted,train,1264174
data\ransomware_family\BLACKCAT\0012-xls.xls.uhwuvzu,BLACKCAT,unknown_encrypted,unknown_encrypted,train,32012
data\ransomware_family\BLACKCAT\0007-pptx.pptx.uhwuvzu,BLACKCAT,unknown_encrypted,unknown_encrypted,train,244939
data\ransomware_family\BLACKCAT\0001-jpg-fromweb.jpg.uhwuvzu,BLACKCAT,unknown_encrypted,unknown_encrypted,train,25743
data\ransomware_family\BLACKCAT\0008-jpg-fromweb.jpg.uhwuvzu,BLACKCAT,unknown_encrypted,unknown_encrypted,train,50268
data\ransomware_family\BLACKCAT\0003-jpg-fromweb.jpg.uhwuvzu,BLACKCAT,unknown_encrypted,unknown_encrypted,train,83794
data\ransomware_family\BLACKCAT\0006-pdf.pdf.uhwuvzu,BLACKCAT,unknown_encrypted,unknown_encrypted,train,1775014
data\ransomware_family\BLACKCAT\0009-pdf.pdf.uhwuvzu,BLACKCAT,unknown_encrypted,unknown_encrypted,train,859185
data\ransomware_family\BLACKCAT\0011-xlsx.xlsx.uhwuvzu,BLACKCAT,unknown_encrypted,unknown_encrypted,train,89373
data\ransomware_family\BLACKCAT\0004-docx.docx.uhwuvzu,BLACKCAT,unknown_encrypted,unknown_encrypted,train,143684
data\ransomware_family\BLACKCAT\0001-xlsx.xlsx.uhwuvzu,BLACKCAT,unknown_encrypted,unknown_encrypted,train,21069
data\ransomware_family\BLACKCAT\0004-pdf.pdf.uhwuvzu,BLACKCAT,unknown_encrypted,unknown_encrypted,train,10353406
data\ransomware_family\BLACKCAT\0001-xls.xls.uhwuvzu,BLACKCAT,unknown_encrypted,unknown_encrypted,train,78092
data\ransomware_family\BLACKCAT\0014-docx.docx.uhwuvzu,BLACKCAT,unknown_encrypted,unknown_encrypted,train,15919
data\ransomware_family\BLACKCAT\0010-xls.xls.uhwuvzu,BLACKCAT,unknown_encrypted,unknown_encrypted,train,6927628
data\ransomware_family\BLACKCAT\0012-xlsx.xlsx.uhwuvzu,BLACKCAT,unknown_encrypted,unknown_encrypted,train,52206
data\ransomware_family\BLACKCAT\0003-xls.xls.uhwuvzu,BLACKCAT,unknown_encrypted,unknown_encrypted,train,257804
data\ransomware_family\BLACKCAT\0011-jpg-fromweb.jpg.uhwuvzu,BLACKCAT,unknown_encrypted,unknown_encrypted,train,169094
data\ransomware_family\BLACKCAT\0007-docx.docx.uhwuvzu,BLACKCAT,unknown_encrypted,unknown_encrypted,train,248008
data\ransomware_family\BLACKCAT\0013-pdf.pdf.uhwuvzu,BLACKCAT,unknown_encrypted,unknown_encrypted,train,75758
data\ransomware_family\BLACKCAT\0003-xlsx.xlsx.uhwuvzu,BLACKCAT,unknown_encrypted,unknown_encrypted,val,1140221
data\ransomware_family\BLACKCAT\0001-doc.doc.uhwuvzu,BLACKCAT,unknown_encrypted,unknown_encrypted,val,87820
data\ransomware_family\BLACKCAT\0014-xls.xls.uhwuvzu,BLACKCAT,unknown_encrypted,unknown_encrypted,val,31500
data\ransomware_family\BLACKCAT\0009-docx.docx.uhwuvzu,BLACKCAT,unknown_encrypted,unknown_encrypted,val,75406
data\ransomware_family\BLACKCAT\0014-xlsx.xlsx.uhwuvzu,BLACKCAT,unknown_encrypted,unknown_encrypted,val,1274612
data\ransomware_family\BLACKCAT\0008-pptx.pptx.uhwuvzu,BLACKCAT,unknown_encrypted,unknown_encrypted,val,9251332
data\ransomware_family\BLACKCAT\0013-xlsx.xlsx.uhwuvzu,BLACKCAT,unknown_encrypted,unknown_encrypted,val,1183484
data\ransomware_family\BLACKCAT\0004-pptx.pptx.uhwuvzu,BLACKCAT,unknown_encrypted,unknown_encrypted,val,3456233
data\ransomware_family\BLACKCAT\0011-docx.docx.uhwuvzu,BLACKCAT,unknown_encrypted,unknown_encrypted,val,183540
data\ransomware_family\BLACKCAT\0013-docx.docx.uhwuvzu,BLACKCAT,unknown_encrypted,unknown_encrypted,val,33141
data\ransomware_family\BLACKCAT\0012-doc.doc.uhwuvzu,BLACKCAT,unknown_encrypted,unknown_encrypted,val,48396
data\ransomware_family\BLACKCAT\0010-docx.docx.uhwuvzu,BLACKCAT,unknown_encrypted,unknown_encrypted,val,37458
data\ransomware_family\BLACKCAT\0005-docx.docx.uhwuvzu,BLACKCAT,unknown_encrypted,unknown_encrypted,val,135552
data\ransomware_family\BLACKCAT\0004-xlsx.xlsx.uhwuvzu,BLACKCAT,unknown_encrypted,unknown_encrypted,val,1164748
data\ransomware_family\BLACKCAT\0013-xls.xls.uhwuvzu,BLACKCAT,unknown_encrypted,unknown_encrypted,val,34572
data\ransomware_family\BLACKCAT\0015-doc.doc.uhwuvzu,BLACKCAT,unknown_encrypted,unknown_encrypted,test,296716
data\ransomware_family\BLACKCAT\0001-pptx.pptx.uhwuvzu,BLACKCAT,unknown_encrypted,unknown_encrypted,test,362365
data\ransomware_family\BLACKCAT\0008-xls.xls.uhwuvzu,BLACKCAT,unknown_encrypted,unknown_encrypted,test,3311884
data\ransomware_family\BLACKCAT\0011-xls.xls.uhwuvzu,BLACKCAT,unknown_encrypted,unknown_encrypted,test,146188
data\ransomware_family\BLACKCAT\0002-pptx.pptx.uhwuvzu,BLACKCAT,unknown_encrypted,unknown_encrypted,test,790929
data\ransomware_family\BLACKCAT\0010-xlsx.xlsx.uhwuvzu,BLACKCAT,unknown_encrypted,unknown_encrypted,test,27333
data\ransomware_family\BLACKCAT\0013-jpg-fromweb.jpg.uhwuvzu,BLACKCAT,unknown_encrypted,unknown_encrypted,test,123667
data\ransomware_family\BLACKCAT\0002-xlsx.xlsx.uhwuvzu,BLACKCAT,unknown_encrypted,unknown_encrypted,test,1188584
data\ransomware_family\BLACKCAT\0003-pdf.pdf.uhwuvzu,BLACKCAT,unknown_encrypted,unknown_encrypted,test,1363266
data\ransomware_family\BLACKCAT\0005-doc.doc.uhwuvzu,BLACKCAT,unknown_encrypted,unknown_encrypted,test,10125580
data\ransomware_family\BLACKCAT\0005-pdf.pdf.uhwuvzu,BLACKCAT,unknown_encrypted,unknown_encrypted,test,3338281
data\ransomware_family\BLACKCAT\0006-doc.doc.uhwuvzu,BLACKCAT,unknown_encrypted,unknown_encrypted,test,99084
data\ransomware_family\BLACKCAT\0014-pdf.pdf.uhwuvzu,BLACKCAT,unknown_encrypted,unknown_encrypted,test,741921
data\ransomware_family\BLACKCAT\0001-pdf.pdf.uhwuvzu,BLACKCAT,unknown_encrypted,unknown_encrypted,test,1461761
data\ransomware_family\BLACKCAT\0003-doc.doc.uhwuvzu,BLACKCAT,unknown_encrypted,unknown_encrypted,test,275724
data\ransomware_family\BLACKCAT\0012-pptx.pptx.uhwuvzu,BLACKCAT,unknown_encrypted,unknown_encrypted,test,13452715
data\ransomware_family\CERBER\-J9Ood25-a.bed4,CERBER,unknown_encrypted,unknown_encrypted,train,1174438
data\ransomware_family\CERBER\-pOToaRUog.bed4,CERBER,unknown_encrypted,unknown_encrypted,train,514766
data\ransomware_family\CERBER\-6zVaLsous.bed4,CERBER,unknown_encrypted,unknown_encrypted,train,69526
data\ransomware_family\CERBER\-AjII5b48m.bed4,CERBER,unknown_encrypted,unknown_encrypted,train,1864808
data\ransomware_family\CERBER\-hmA32KvIO.bed4,CERBER,unknown_encrypted,unknown_encrypted,train,40167
data\ransomware_family\CERBER\-d48pPRa80.bed4,CERBER,unknown_encrypted,unknown_encrypted,train,1064248
data\ransomware_family\CERBER\-cLDVyfenG.bed4,CERBER,unknown_encrypted,unknown_encrypted,train,1734280
data\ransomware_family\CERBER\-JPUvWa9-3.bed4,CERBER,unknown_encrypted,unknown_encrypted,train,581030
data\ransomware_family\CERBER\-OM83Uq9Bk.bed4,CERBER,unknown_encrypted,unknown_encrypted,train,87462
data\ransomware_family\CERBER\-Jxfrh9vvF.bed4,CERBER,unknown_encrypted,unknown_encrypted,train,50336
data\ransomware_family\CERBER\06GmmAR-SX.bed4,CERBER,unknown_encrypted,unknown_encrypted,train,21120
data\ransomware_family\CERBER\0052-jpg-fromweb.jpg,CERBER,unknown_encrypted,unknown_encrypted,train,1780
data\ransomware_family\CERBER\-JPBLWGeK3.bed4,CERBER,unknown_encrypted,unknown_encrypted,train,94578
data\ransomware_family\CERBER\-kTWfpy44M.bed4,CERBER,unknown_encrypted,unknown_encrypted,train,60325
data\ransomware_family\CERBER\-iYnjU-Hw6.bed4,CERBER,unknown_encrypted,unknown_encrypted,train,179501
data\ransomware_family\CERBER\-6w7F3QPKI.bed4,CERBER,unknown_encrypted,unknown_encrypted,train,38053
data\ransomware_family\CERBER\0125-jpg-fromweb.jpg,CERBER,unknown_encrypted,unknown_encrypted,train,1340
data\ransomware_family\CERBER\-EIDR1Zkgu.bed4,CERBER,unknown_encrypted,unknown_encrypted,train,32921
data\ransomware_family\CERBER\-HRllJDvi3.bed4,CERBER,unknown_encrypted,unknown_encrypted,train,113616
data\ransomware_family\CERBER\-07I7Ci0DW.bed4,CERBER,unknown_encrypted,unknown_encrypted,train,112672
data\ransomware_family\CERBER\02gQOKf9Oa.bed4,CERBER,unknown_encrypted,unknown_encrypted,train,609427
data\ransomware_family\CERBER\-g7FwYpoVQ.bed4,CERBER,unknown_encrypted,unknown_encrypted,train,164262
data\ransomware_family\CERBER\-PhGWBB1iP.bed4,CERBER,unknown_encrypted,unknown_encrypted,train,800939
data\ransomware_family\CERBER\-quKNOiNiD.bed4,CERBER,unknown_encrypted,unknown_encrypted,train,5515024
data\ransomware_family\CERBER\-GpCim2Juy.bed4,CERBER,unknown_encrypted,unknown_encrypted,train,102310
data\ransomware_family\CERBER\-DdAu-E9-a.bed4,CERBER,unknown_encrypted,unknown_encrypted,train,87974
data\ransomware_family\CERBER\-dh1v49Jai.bed4,CERBER,unknown_encrypted,unknown_encrypted,train,162906
data\ransomware_family\CERBER\-PkQPXg7Uh.bed4,CERBER,unknown_encrypted,unknown_encrypted,train,114598
data\ransomware_family\CERBER\-5HbJ1jAcR.bed4,CERBER,unknown_encrypted,unknown_encrypted,train,14999
data\ransomware_family\CERBER\-HRHlVbvh1.bed4,CERBER,unknown_encrypted,unknown_encrypted,train,14899
data\ransomware_family\CERBER\-AqtpDD4Yv.bed4,CERBER,unknown_encrypted,unknown_encrypted,train,205090
data\ransomware_family\CERBER\-oQ0pBoPdG.bed4,CERBER,unknown_encrypted,unknown_encrypted,train,112038
data\ransomware_family\CERBER\-lviPfqERz.bed4,CERBER,unknown_encrypted,unknown_encrypted,train,140086
data\ransomware_family\CERBER\0046-jpg-fromweb.jpg,CERBER,unknown_encrypted,unknown_encrypted,train,1442
data\ransomware_family\CERBER\05WM11vsZM.bed4,CERBER,unknown_encrypted,unknown_encrypted,train,3296332
data\ransomware_family\CERBER\-d12Hxp7c6.bed4,CERBER,unknown_encrypted,unknown_encrypted,train,1053985
data\ransomware_family\CERBER\-8r9xpQmpi.bed4,CERBER,unknown_encrypted,unknown_encrypted,train,96154
data\ransomware_family\CERBER\-aeuoh4-hE.bed4,CERBER,unknown_encrypted,unknown_encrypted,train,75099
data\ransomware_family\CERBER\-iFY-ZC3cA.bed4,CERBER,unknown_encrypted,unknown_encrypted,train,9267
data\ransomware_family\CERBER\0079-jpg-fromweb.jpg,CERBER,unknown_encrypted,unknown_encrypted,train,1834
data\ransomware_family\CERBER\04JUR6YFOo.bed4,CERBER,unknown_encrypted,unknown_encrypted,train,43430
data\ransomware_family\CERBER\-P9h3P1jaJ.bed4,CERBER,unknown_encrypted,unknown_encrypted,train,824230
data\ransomware_family\CERBER\-ITW1ReHmo.bed4,CERBER,unknown_encrypted,unknown_encrypted,train,724902
data\ransomware_family\CERBER\-Qvs7z6Ahm.bed4,CERBER,unknown_encrypted,unknown_encrypted,train,815014
data\ransomware_family\CERBER\-MmrZ8epMY.bed4,CERBER,unknown_encrypted,unknown_encrypted,train,536891
data\ransomware_family\CERBER\-bCTxJ9Dwd.bed4,CERBER,unknown_encrypted,unknown_encrypted,train,159353
data\ransomware_family\CERBER\--QJB2Q7nF.bed4,CERBER,unknown_encrypted,unknown_encrypted,train,12295
data\ransomware_family\CERBER\-e1paWZy69.bed4,CERBER,unknown_encrypted,unknown_encrypted,train,25382
data\ransomware_family\CERBER\-8WYJoKCSM.bed4,CERBER,unknown_encrypted,unknown_encrypted,train,45819
data\ransomware_family\CERBER\0414-jpg-fromweb.jpg,CERBER,unknown_encrypted,unknown_encrypted,train,2006
data\ransomware_family\CERBER\0140-jpg-fromweb.jpg,CERBER,unknown_encrypted,unknown_encrypted,train,1040
data\ransomware_family\CERBER\-LUhEWMUmk.bed4,CERBER,unknown_encrypted,unknown_encrypted,train,35306
data\ransomware_family\CERBER\-CKkHJjrx6.bed4,CERBER,unknown_encrypted,unknown_encrypted,train,35238
data\ransomware_family\CERBER\-IBR-nsgY7.bed4,CERBER,unknown_encrypted,unknown_encrypted,train,15013
data\ransomware_family\CERBER\-nq50y9sOD.bed4,CERBER,unknown_encrypted,unknown_encrypted,train,67495
data\ransomware_family\CERBER\-POAIOTtkO.bed4,CERBER,unknown_encrypted,unknown_encrypted,train,243250
data\ransomware_family\CERBER\-NKfJ8PA9n.bed4,CERBER,unknown_encrypted,unknown_encrypted,train,816462
data\ransomware_family\CERBER\-fQ27KLR5L.bed4,CERBER,unknown_encrypted,unknown_encrypted,train,410104
data\ransomware_family\CERBER\-kF9NXUh8d.bed4,CERBER,unknown_encrypted,unknown_encrypted,train,12977
data\ransomware_family\CERBER\-m23eUPRAO.bed4,CERBER,unknown_encrypted,unknown_encrypted,train,801617
data\ransomware_family\CERBER\-7VTjpCrs5.bed4,CERBER,unknown_encrypted,unknown_encrypted,train,3991262
data\ransomware_family\CERBER\-Q1o-TAFFK.bed4,CERBER,unknown_encrypted,unknown_encrypted,train,270342
data\ransomware_family\CERBER\-IIXZTDRJ3.bed4,CERBER,unknown_encrypted,unknown_encrypted,train,107789
data\ransomware_family\CERBER\-00CAjTujp.bed4,CERBER,unknown_encrypted,unknown_encrypted,train,95142
data\ransomware_family\CERBER\-ffTXxti9U.bed4,CERBER,unknown_encrypted,unknown_encrypted,train,742588
data\ransomware_family\CERBER\-lk0uLjQJH.bed4,CERBER,unknown_encrypted,unknown_encrypted,train,40870
data\ransomware_family\CERBER\-jbMw8rPaM.bed4,CERBER,unknown_encrypted,unknown_encrypted,train,42861
data\ransomware_family\CERBER\-JDpYEJlIV.bed4,CERBER,unknown_encrypted,unknown_encrypted,train,60445
data\ransomware_family\CERBER\-86eoRMN9u.bed4,CERBER,unknown_encrypted,unknown_encrypted,train,96778
data\ransomware_family\CERBER\0262-jpg-fromweb.jpg,CERBER,unknown_encrypted,unknown_encrypted,train,1612
data\ransomware_family\CERBER\-cHwufB7S1.bed4,CERBER,unknown_encrypted,unknown_encrypted,val,19751
data\ransomware_family\CERBER\-cE0Row1u-.bed4,CERBER,unknown_encrypted,unknown_encrypted,val,118186
data\ransomware_family\CERBER\-aQlo-VTKX.bed4,CERBER,unknown_encrypted,unknown_encrypted,val,251896
data\ransomware_family\CERBER\-7sS0Iqt1n.bed4,CERBER,unknown_encrypted,unknown_encrypted,val,10746
data\ransomware_family\CERBER\-9rL7dtTlR.bed4,CERBER,unknown_encrypted,unknown_encrypted,val,90022
data\ransomware_family\CERBER\0307-jpg-fromweb.jpg,CERBER,unknown_encrypted,unknown_encrypted,val,1666
data\ransomware_family\CERBER\-neQIWnrd9.bed4,CERBER,unknown_encrypted,unknown_encrypted,val,63910
data\ransomware_family\CERBER\0135-jpg-fromweb.jpg,CERBER,unknown_encrypted,unknown_encrypted,val,1445
data\ransomware_family\CERBER\-DXkdKcUH5.bed4,CERBER,unknown_encrypted,unknown_encrypted,val,1446822
data\ransomware_family\CERBER\-j1HgwZ60C.bed4,CERBER,unknown_encrypted,unknown_encrypted,val,8502
data\ransomware_family\CERBER\-JmZgLdmWX.bed4,CERBER,unknown_encrypted,unknown_encrypted,val,44991
data\ransomware_family\CERBER\03a6hOjhjz.bed4,CERBER,unknown_encrypted,unknown_encrypted,val,45478
data\ransomware_family\CERBER\-JWGVNg66P.bed4,CERBER,unknown_encrypted,unknown_encrypted,val,41894
data\ransomware_family\CERBER\-PCMe9I1FB.bed4,CERBER,unknown_encrypted,unknown_encrypted,val,9674
data\ransomware_family\CERBER\0138-jpg-fromweb.jpg,CERBER,unknown_encrypted,unknown_encrypted,val,1562
data\ransomware_family\CERBER\-NwoRaeHur.bed4,CERBER,unknown_encrypted,unknown_encrypted,test,845490
data\ransomware_family\CERBER\-OR8EacJsG.bed4,CERBER,unknown_encrypted,unknown_encrypted,test,31508
data\ransomware_family\CERBER\-fBZbnqXLV.bed4,CERBER,unknown_encrypted,unknown_encrypted,test,59937
data\ransomware_family\CERBER\-bXkYfs-Lh.bed4,CERBER,unknown_encrypted,unknown_encrypted,test,14873
data\ransomware_family\CERBER\-fJPoAWNMM.bed4,CERBER,unknown_encrypted,unknown_encrypted,test,34214
data\ransomware_family\CERBER\-CC2GyYfLZ.bed4,CERBER,unknown_encrypted,unknown_encrypted,test,190374
data\ransomware_family\CERBER\-LAWzN-2WX.bed4,CERBER,unknown_encrypted,unknown_encrypted,test,16606
data\ransomware_family\CERBER\002PWX5w8Z.bed4,CERBER,unknown_encrypted,unknown_encrypted,test,259131
data\ransomware_family\CERBER\-JGb55G27P.bed4,CERBER,unknown_encrypted,unknown_encrypted,test,19178
data\ransomware_family\CERBER\-mGv9cv65f.bed4,CERBER,unknown_encrypted,unknown_encrypted,test,121353
data\ransomware_family\CERBER\0045-jpg-fromweb.jpg,CERBER,unknown_encrypted,unknown_encrypted,test,1265
data\ransomware_family\CERBER\CERBER.pdf,CERBER,unknown_encrypted,unknown_encrypted,test,3516029
data\ransomware_family\CERBER\-I1tQqxeFa.bed4,CERBER,unknown_encrypted,unknown_encrypted,test,487846
data\ransomware_family\CERBER\0242-jpg-fromweb.jpg,CERBER,unknown_encrypted,unknown_encrypted,test,1915
data\ransomware_family\CERBER\-P1Iihq38K.bed4,CERBER,unknown_encrypted,unknown_encrypted,test,266662
data\ransomware_family\CERBER\-Dw8hisY2b.bed4,CERBER,unknown_encrypted,unknown_encrypted,test,185136
data\ransomware_family\CONTI\0005-pptx.pptx.MRBNY,CONTI,unknown_encrypted,unknown_encrypted,train,327607
data\ransomware_family\CONTI\0002-pdf.pdf.MRBNY,CONTI,unknown_encrypted,unknown_encrypted,train,2299098
data\ransomware_family\CONTI\0011-docx.docx.MRBNY,CONTI,unknown_encrypted,unknown_encrypted,train,183806
data\ransomware_family\CONTI\0003-pptx.pptx.MRBNY,CONTI,unknown_encrypted,unknown_encrypted,train,15376713
data\ransomware_family\CONTI\0011-xlsx.xlsx.MRBNY,CONTI,unknown_encrypted,unknown_encrypted,train,89639
data\ransomware_family\CONTI\0012-docx.docx.MRBNY,CONTI,unknown_encrypted,unknown_encrypted,train,629583
data\ransomware_family\CONTI\0003-xls.xls.MRBNY,CONTI,unknown_encrypted,unknown_encrypted,train,258070
data\ransomware_family\CONTI\0006-pptx.pptx.MRBNY,CONTI,unknown_encrypted,unknown_encrypted,train,2693740
data\ransomware_family\CONTI\0008-pptx.pptx.MRBNY,CONTI,unknown_encrypted,unknown_encrypted,train,9251598
data\ransomware_family\CONTI\0007-xlsx.xlsx.MRBNY,CONTI,unknown_encrypted,unknown_encrypted,train,1281603
data\ransomware_family\CONTI\0003-doc.doc.MRBNY,CONTI,unknown_encrypted,unknown_encrypted,train,275990
data\ransomware_family\CONTI\0010-xls.xls.MRBNY,CONTI,unknown_encrypted,unknown_encrypted,train,6927894
data\ransomware_family\CONTI\0009-jpg-fromweb.jpg.MRBNY,CONTI,unknown_encrypted,unknown_encrypted,train,45247
data\ransomware_family\CONTI\0011-pptx.pptx.MRBNY,CONTI,unknown_encrypted,unknown_encrypted,train,5624543
data\ransomware_family\CONTI\0013-pptx.pptx.MRBNY,CONTI,unknown_encrypted,unknown_encrypted,train,4476904
data\ransomware_family\CONTI\0006-pdf.pdf.MRBNY,CONTI,unknown_encrypted,unknown_encrypted,train,1775280
data\ransomware_family\CONTI\0011-jpg-fromweb.jpg.MRBNY,CONTI,unknown_encrypted,unknown_encrypted,train,169360
data\ransomware_family\CONTI\0003-xlsx.xlsx.MRBNY,CONTI,unknown_encrypted,unknown_encrypted,train,1140487
data\ransomware_family\CONTI\0008-docx.docx.MRBNY,CONTI,unknown_encrypted,unknown_encrypted,train,256056
data\ransomware_family\CONTI\0001-docx.docx.MRBNY,CONTI,unknown_encrypted,unknown_encrypted,train,97380
data\ransomware_family\CONTI\0007-jpg-fromweb.jpg.MRBNY,CONTI,unknown_encrypted,unknown_encrypted,train,41366
data\ransomware_family\CONTI\0005-xls.xls.MRBNY,CONTI,unknown_encrypted,unknown_encrypted,train,877590
data\ransomware_family\CONTI\0004-jpg-fromweb.jpg.MRBNY,CONTI,unknown_encrypted,unknown_encrypted,train,75195
data\ransomware_family\CONTI\0006-docx.docx.MRBNY,CONTI,unknown_encrypted,unknown_encrypted,train,89659
data\ransomware_family\CONTI\0002-xlsx.xlsx.MRBNY,CONTI,unknown_encrypted,unknown_encrypted,train,1188850
data\ransomware_family\CONTI\0001-xls.xls.MRBNY,CONTI,unknown_encrypted,unknown_encrypted,train,78358
data\ransomware_family\CONTI\0012-xlsx.xlsx.MRBNY,CONTI,unknown_encrypted,unknown_encrypted,train,52472
data\ransomware_family\CONTI\0006-xls.xls.MRBNY,CONTI,unknown_encrypted,unknown_encrypted,train,6924822
data\ransomware_family\CONTI\0015-docx.docx.MRBNY,CONTI,unknown_encrypted,unknown_encrypted,train,19306
data\ransomware_family\CONTI\0006-jpg-fromweb.jpg.MRBNY,CONTI,unknown_encrypted,unknown_encrypted,train,21037
data\ransomware_family\CONTI\0014-docx.docx.MRBNY,CONTI,unknown_encrypted,unknown_encrypted,train,16185
data\ransomware_family\CONTI\0013-jpg-fromweb.jpg.MRBNY,CONTI,unknown_encrypted,unknown_encrypted,train,123933
data\ransomware_family\CONTI\0008-jpg-fromweb.jpg.MRBNY,CONTI,unknown_encrypted,unknown_encrypted,train,50534
data\ransomware_family\CONTI\0007-xls.xls.MRBNY,CONTI,unknown_encrypted,unknown_encrypted,train,3889174
data\ransomware_family\CONTI\0012-jpg-fromweb.jpg.MRBNY,CONTI,unknown_encrypted,unknown_encrypted,train,141195
data\ransomware_family\CONTI\0013-doc.doc.MRBNY,CONTI,unknown_encrypted,unknown_encrypted,train,158742
data\ransomware_family\CONTI\0008-doc.doc.MRBNY,CONTI,unknown_encrypted,unknown_encrypted,train,76822
data\ransomware_family\CONTI\0009-pdf.pdf.MRBNY,CONTI,unknown_encrypted,unknown_encrypted,train,859451
data\ransomware_family\CONTI\0003-pdf.pdf.MRBNY,CONTI,unknown_encrypted,unknown_encrypted,train,1363532
data\ransomware_family\CONTI\0002-pptx.pptx.MRBNY,CONTI,unknown_encrypted,unknown_encrypted,train,791195
data\ransomware_family\CONTI\0009-xls.xls.MRBNY,CONTI,unknown_encrypted,unknown_encrypted,train,6964758
data\ransomware_family\CONTI\0012-pptx.pptx.MRBNY,CONTI,unknown_encrypted,unknown_encrypted,train,13452981
data\ransomware_family\CONTI\0013-pdf.pdf.MRBNY,CONTI,unknown_encrypted,unknown_encrypted,train,76024
data\ransomware_family\CONTI\0005-xlsx.xlsx.MRBNY,CONTI,unknown_encrypted,unknown_encrypted,train,1264440
data\ransomware_family\CONTI\0007-pdf.pdf.MRBNY,CONTI,unknown_encrypted,unknown_encrypted,train,390408
data\ransomware_family\CONTI\0010-docx.docx.MRBNY,CONTI,unknown_encrypted,unknown_encrypted,train,37724
data\ransomware_family\CONTI\0014-xlsx.xlsx.MRBNY,CONTI,unknown_encrypted,unknown_encrypted,train,1274878
data\ransomware_family\CONTI\0010-pptx.pptx.MRBNY,CONTI,unknown_encrypted,unknown_encrypted,train,213335
data\ransomware_family\CONTI\0004-doc.doc.MRBNY,CONTI,unknown_encrypted,unknown_encrypted,train,72214
data\ransomware_family\CONTI\0015-doc.doc.MRBNY,CONTI,unknown_encrypted,unknown_encrypted,train,296982
data\ransomware_family\CONTI\0004-pptx.pptx.MRBNY,CONTI,unknown_encrypted,unknown_encrypted,train,3456499
data\ransomware_family\CONTI\CONTI.pdf,CONTI,unknown_encrypted,unknown_encrypted,train,3516023
data\ransomware_family\CONTI\0001-xlsx.xlsx.MRBNY,CONTI,unknown_encrypted,unknown_encrypted,train,21335
data\ransomware_family\CONTI\0008-xls.xls.MRBNY,CONTI,unknown_encrypted,unknown_encrypted,train,3312150
data\ransomware_family\CONTI\0006-xlsx.xlsx.MRBNY,CONTI,unknown_encrypted,unknown_encrypted,train,1186718
data\ransomware_family\CONTI\0014-jpg-fromweb.jpg.MRBNY,CONTI,unknown_encrypted,unknown_encrypted,train,18952
data\ransomware_family\CONTI\0001-pdf.pdf.MRBNY,CONTI,unknown_encrypted,unknown_encrypted,train,1462027
data\ransomware_family\CONTI\0007-pptx.pptx.MRBNY,CONTI,unknown_encrypted,unknown_encrypted,train,245205
data\ransomware_family\CONTI\0010-doc.doc.MRBNY,CONTI,unknown_encrypted,unknown_encrypted,train,45590
data\ransomware_family\CONTI\0012-xls.xls.MRBNY,CONTI,unknown_encrypted,unknown_encrypted,train,32278
data\ransomware_family\CONTI\0004-xls.xls.MRBNY,CONTI,unknown_encrypted,unknown_encrypted,train,1182742
data\ransomware_family\CONTI\0011-pdf.pdf.MRBNY,CONTI,unknown_encrypted,unknown_encrypted,train,832843
data\ransomware_family\CONTI\0004-docx.docx.MRBNY,CONTI,unknown_encrypted,unknown_encrypted,train,143950
data\ransomware_family\CONTI\0008-xlsx.xlsx.MRBNY,CONTI,unknown_encrypted,unknown_encrypted,train,1163717
data\ransomware_family\CONTI\0012-doc.doc.MRBNY,CONTI,unknown_encrypted,unknown_encrypted,train,48662
data\ransomware_family\CONTI\0002-xls.xls.MRBNY,CONTI,unknown_encrypted,unknown_encrypted,train,700438
data\ransomware_family\CONTI\0004-pdf.pdf.MRBNY,CONTI,unknown_encrypted,unknown_encrypted,train,10353672
data\ransomware_family\CONTI\0008-pdf.pdf.MRBNY,CONTI,unknown_encrypted,unknown_encrypted,train,158956
data\ransomware_family\CONTI\0013-xlsx.xlsx.MRBNY,CONTI,unknown_encrypted,unknown_encrypted,train,1183750
data\ransomware_family\CONTI\0014-xls.xls.MRBNY,CONTI,unknown_encrypted,unknown_encrypted,train,31766
data\ransomware_family\CONTI\0009-pptx.pptx.MRBNY,CONTI,unknown_encrypted,unknown_encrypted,val,1536209
data\ransomware_family\CONTI\0003-jpg-fromweb.jpg.MRBNY,CONTI,unknown_encrypted,unknown_encrypted,val,84060
data\ransomware_family\CONTI\0010-xlsx.xlsx.MRBNY,CONTI,unknown_encrypted,unknown_encrypted,val,27599
data\ransomware_family\CONTI\0004-xlsx.xlsx.MRBNY,CONTI,unknown_encrypted,unknown_encrypted,val,1165014
data\ransomware_family\CONTI\0009-xlsx.xlsx.MRBNY,CONTI,unknown_encrypted,unknown_encrypted,val,1276701
data\ransomware_family\CONTI\0006-doc.doc.MRBNY,CONTI,unknown_encrypted,unknown_encrypted,val,99350
data\ransomware_family\CONTI\0005-jpg-fromweb.jpg.MRBNY,CONTI,unknown_encrypted,unknown_encrypted,val,20800
data\ransomware_family\CONTI\0010-jpg-fromweb.jpg.MRBNY,CONTI,unknown_encrypted,unknown_encrypted,val,26563
data\ransomware_family\CONTI\0013-docx.docx.MRBNY,CONTI,unknown_encrypted,unknown_encrypted,val,33407
data\ransomware_family\CONTI\0007-doc.doc.MRBNY,CONTI,unknown_encrypted,unknown_encrypted,val,202262
data\ransomware_family\CONTI\0001-pptx.pptx.MRBNY,CONTI,unknown_encrypted,unknown_encrypted,val,362631
data\ransomware_family\CONTI\0014-pdf.pdf.MRBNY,CONTI,unknown_encrypted,unknown_encrypted,val,742187
data\ransomware_family\CONTI\0013-xls.xls.MRBNY,CONTI,unknown_encrypted,unknown_encrypted,val,34838
data\ransomware_family\CONTI\0002-doc.doc.MRBNY,CONTI,unknown_encrypted,unknown_encrypted,val,45078
data\ransomware_family\CONTI\0012-pdf.pdf.MRBNY,CONTI,unknown_encrypted,unknown_encrypted,val,73352
data\ransomware_family\CONTI\0002-jpg-fromweb.jpg.MRBNY,CONTI,unknown_encrypted,unknown_encrypted,test,91807
data\ransomware_family\CONTI\0001-doc.doc.MRBNY,CONTI,unknown_encrypted,unknown_encrypted,test,88086
data\ransomware_family\CONTI\0014-pptx.pptx.MRBNY,CONTI,unknown_encrypted,unknown_encrypted,test,5921158
data\ransomware_family\CONTI\0014-doc.doc.MRBNY,CONTI,unknown_encrypted,unknown_encrypted,test,95254
data\ransomware_family\CONTI\0005-docx.docx.MRBNY,CONTI,unknown_encrypted,unknown_encrypted,test,135818
data\ransomware_family\CONTI\0011-doc.doc.MRBNY,CONTI,unknown_encrypted,unknown_encrypted,test,184342
data\ransomware_family\CONTI\0011-xls.xls.MRBNY,CONTI,unknown_encrypted,unknown_encrypted,test,146454
data\ransomware_family\CONTI\0001-jpg-fromweb.jpg.MRBNY,CONTI,unknown_encrypted,unknown_encrypted,test,26009
data\ransomware_family\CONTI\0007-docx.docx.MRBNY,CONTI,unknown_encrypted,unknown_encrypted,test,248274
data\ransomware_family\CONTI\0002-docx.docx.MRBNY,CONTI,unknown_encrypted,unknown_encrypted,test,1800347
data\ransomware_family\CONTI\0005-doc.doc.MRBNY,CONTI,unknown_encrypted,unknown_encrypted,test,10125846
data\ransomware_family\CONTI\0005-pdf.pdf.MRBNY,CONTI,unknown_encrypted,unknown_encrypted,test,3338547
data\ransomware_family\CONTI\0003-docx.docx.MRBNY,CONTI,unknown_encrypted,unknown_encrypted,test,51132
data\ransomware_family\CONTI\0009-docx.docx.MRBNY,CONTI,unknown_encrypted,unknown_encrypted,test,75672
data\ransomware_family\CONTI\0010-pdf.pdf.MRBNY,CONTI,unknown_encrypted,unknown_encrypted,test,24098
data\ransomware_family\CONTI\0009-doc.doc.MRBNY,CONTI,unknown_encrypted,unknown_encrypted,test,458262
data\ransomware_family\LOCKBIT\0009-doc.doc.lockbit,LOCKBIT,unknown_encrypted,unknown_encrypted,train,459280
data\ransomware_family\LOCKBIT\0010-xlsx.xlsx.lockbit,LOCKBIT,unknown_encrypted,unknown_encrypted,train,28624
data\ransomware_family\LOCKBIT\0004-xlsx.xlsx.lockbit,LOCKBIT,unknown_encrypted,unknown_encrypted,train,1166032
data\ransomware_family\LOCKBIT\0012-doc.doc.lockbit,LOCKBIT,unknown_encrypted,unknown_encrypted,train,49680
data\ransomware_family\LOCKBIT\0002-pptx.pptx.lockbit,LOCKBIT,unknown_encrypted,unknown_encrypted,train,792213
data\ransomware_family\LOCKBIT\0001-jpg-fromweb.jpg.lockbit,LOCKBIT,unknown_encrypted,unknown_encrypted,train,27040
data\ransomware_family\LOCKBIT\0014-doc.doc.lockbit,LOCKBIT,unknown_encrypted,unknown_encrypted,train,96272
data\ransomware_family\LOCKBIT\0002-xls.xls.lockbit,LOCKBIT,unknown_encrypted,unknown_encrypted,train,701456
data\ransomware_family\LOCKBIT\0004-pptx.pptx.lockbit,LOCKBIT,unknown_encrypted,unknown_encrypted,train,3457517
data\ransomware_family\LOCKBIT\0007-pptx.pptx.lockbit,LOCKBIT,unknown_encrypted,unknown_encrypted,train,246224
data\ransomware_family\LOCKBIT\LOCKBIT.pdf,LOCKBIT,unknown_encrypted,unknown_encrypted,train,3516259
data\ransomware_family\LOCKBIT\0001-docx.docx.lockbit,LOCKBIT,unknown_encrypted,unknown_encrypted,train,98400
data\ransomware_family\LOCKBIT\0008-xls.xls.lockbit,LOCKBIT,unknown_encrypted,unknown_encrypted,train,3313168
data\ransomware_family\LOCKBIT\0013-xlsx.xlsx.lockbit,LOCKBIT,unknown_encrypted,unknown_encrypted,train,1184768
data\ransomware_family\LOCKBIT\0003-doc.doc.lockbit,LOCKBIT,unknown_encrypted,unknown_encrypted,train,277008
data\ransomware_family\LOCKBIT\0007-doc.doc.lockbit,LOCKBIT,unknown_encrypted,unknown_encrypted,train,203280
data\ransomware_family\LOCKBIT\0007-jpg-fromweb.jpg.lockbit,LOCKBIT,unknown_encrypted,unknown_encrypted,train,42384
data\ransomware_family\LOCKBIT\0012-pdf.pdf.lockbit,LOCKBIT,unknown_encrypted,unknown_encrypted,train,74384
data\ransomware_family\LOCKBIT\0004-pdf.pdf.lockbit,LOCKBIT,unknown_encrypted,unknown_encrypted,train,10354690
data\ransomware_family\LOCKBIT\0004-doc.doc.lockbit,LOCKBIT,unknown_encrypted,unknown_encrypted,train,73232
data\ransomware_family\LOCKBIT\0006-xlsx.xlsx.lockbit,LOCKBIT,unknown_encrypted,unknown_encrypted,train,1187736
data\ransomware_family\LOCKBIT\0006-jpg-fromweb.jpg.lockbit,LOCKBIT,unknown_encrypted,unknown_encrypted,train,22064
data\ransomware_family\LOCKBIT\0008-xlsx.xlsx.lockbit,LOCKBIT,unknown_encrypted,unknown_encrypted,train,1164735
data\ransomware_family\LOCKBIT\0002-jpg-fromweb.jpg.lockbit,LOCKBIT,unknown_encrypted,unknown_encrypted,train,92832
data\ransomware_family\LOCKBIT\0008-doc.doc.lockbit,LOCKBIT,unknown_encrypted,unknown_encrypted,train,77840
data\ransomware_family\LOCKBIT\0007-pdf.pdf.lockbit,LOCKBIT,unknown_encrypted,unknown_encrypted,train,391426
data\ransomware_family\LOCKBIT\0003-pdf.pdf.lockbit,LOCKBIT,unknown_encrypted,unknown_encrypted,train,1364550
data\ransomware_family\LOCKBIT\0007-docx.docx.lockbit,LOCKBIT,unknown_encrypted,unknown_encrypted,train,249296
data\ransomware_family\LOCKBIT\0014-jpg-fromweb.jpg.lockbit,LOCKBIT,unknown_encrypted,unknown_encrypted,train,19984
data\ransomware_family\LOCKBIT\0010-xls.xls.lockbit,LOCKBIT,unknown_encrypted,unknown_encrypted,train,6928912
data\ransomware_family\LOCKBIT\0001-pdf.pdf.lockbit,LOCKBIT,unknown_encrypted,unknown_encrypted,train,1463045
data\ransomware_family\LOCKBIT\0009-pptx.pptx.lockbit,LOCKBIT,unknown_encrypted,unknown_encrypted,train,1537227
data\ransomware_family\LOCKBIT\0007-xls.xls.lockbit,LOCKBIT,unknown_encrypted,unknown_encrypted,train,3890192
data\ransomware_family\LOCKBIT\0011-xls.xls.lockbit,LOCKBIT,unknown_encrypted,unknown_encrypted,train,147472
data\ransomware_family\LOCKBIT\0010-doc.doc.lockbit,LOCKBIT,unknown_encrypted,unknown_encrypted,train,46608
data\ransomware_family\LOCKBIT\0006-doc.doc.lockbit,LOCKBIT,unknown_encrypted,unknown_encrypted,train,100368
data\ransomware_family\LOCKBIT\0009-docx.docx.lockbit,LOCKBIT,unknown_encrypted,unknown_encrypted,train,76704
data\ransomware_family\LOCKBIT\0011-pdf.pdf.lockbit,LOCKBIT,unknown_encrypted,unknown_encrypted,train,833861
data\ransomware_family\LOCKBIT\0003-xls.xls.lockbit,LOCKBIT,unknown_encrypted,unknown_encrypted,train,259088
data\ransomware_family\LOCKBIT\0012-xlsx.xlsx.lockbit,LOCKBIT,unknown_encrypted,unknown_encrypted,train,53504
data\ransomware_family\LOCKBIT\0005-doc.doc.lockbit,LOCKBIT,unknown_encrypted,unknown_encrypted,train,10126864
data\ransomware_family\LOCKBIT\0012-docx.docx.lockbit,LOCKBIT,unknown_encrypted,unknown_encrypted,train,630601
data\ransomware_family\LOCKBIT\0003-pptx.pptx.lockbit,LOCKBIT,unknown_encrypted,unknown_encrypted,train,15377731
data\ransomware_family\LOCKBIT\0013-pptx.pptx.lockbit,LOCKBIT,unknown_encrypted,unknown_encrypted,train,4477922
data\ransomware_family\LOCKBIT\0012-xls.xls.lockbit,LOCKBIT,unknown_encrypted,unknown_encrypted,train,33296
data\ransomware_family\LOCKBIT\0008-pdf.pdf.lockbit,LOCKBIT,unknown_encrypted,unknown_encrypted,train,159984
data\ransomware_family\LOCKBIT\0004-docx.docx.lockbit,LOCKBIT,unknown_encrypted,unknown_encrypted,train,144976
data\ransomware_family\LOCKBIT\0013-docx.docx.lockbit,LOCKBIT,unknown_encrypted,unknown_encrypted,train,34432
data\ransomware_family\LOCKBIT\0014-pdf.pdf.lockbit,LOCKBIT,unknown_encrypted,unknown_encrypted,train,743205
data\ransomware_family\LOCKBIT\0005-pptx.pptx.lockbit,LOCKBIT,unknown_encrypted,unknown_encrypted,train,328625
data\ransomware_family\LOCKBIT\0002-xlsx.xlsx.lockbit,LOCKBIT,unknown_encrypted,unknown_encrypted,train,1189868
data\ransomware_family\LOCKBIT\0005-xlsx.xlsx.lockbit,LOCKBIT,unknown_encrypted,unknown_encrypted,train,1265458
data\ransomware_family\LOCKBIT\0009-jpg-fromweb.jpg.lockbit,LOCKBIT,unknown_encrypted,unknown_encrypted,train,46272
data\ransomware_family\LOCKBIT\0014-xlsx.xlsx.lockbit,LOCKBIT,unknown_encrypted,unknown_encrypted,train,1275896
data\ransomware_family\LOCKBIT\0006-docx.docx.lockbit,LOCKBIT,unknown_encrypted,unknown_encrypted,train,90688
data\ransomware_family\LOCKBIT\0006-pptx.pptx.lockbit,LOCKBIT,unknown_encrypted,unknown_encrypted,train,2694758
data\ransomware_family\LOCKBIT\0009-xlsx.xlsx.lockbit,LOCKBIT,unknown_encrypted,unknown_encrypted,train,1277719
data\ransomware_family\LOCKBIT\0001-doc.doc.lockbit,LOCKBIT,unknown_encrypted,unknown_encrypted,train,89104
data\ransomware_family\LOCKBIT\0001-pptx.pptx.lockbit,LOCKBIT,unknown_encrypted,unknown_encrypted,train,363649
data\ransomware_family\LOCKBIT\0007-xlsx.xlsx.lockbit,LOCKBIT,unknown_encrypted,unknown_encrypted,train,1282621
data\ransomware_family\LOCKBIT\0009-pdf.pdf.lockbit,LOCKBIT,unknown_encrypted,unknown_encrypted,train,860469
data\ransomware_family\LOCKBIT\0014-docx.docx.lockbit,LOCKBIT,unknown_encrypted,unknown_encrypted,train,17216
data\ransomware_family\LOCKBIT\0005-docx.docx.lockbit,LOCKBIT,unknown_encrypted,unknown_encrypted,train,136848
data\ransomware_family\LOCKBIT\0006-pdf.pdf.lockbit,LOCKBIT,unknown_encrypted,unknown_encrypted,train,1776298
data\ransomware_family\LOCKBIT\0003-jpg-fromweb.jpg.lockbit,LOCKBIT,unknown_encrypted,unknown_encrypted,train,85088
data\ransomware_family\LOCKBIT\0008-docx.docx.lockbit,LOCKBIT,unknown_encrypted,unknown_encrypted,train,257088
data\ransomware_family\LOCKBIT\0011-doc.doc.lockbit,LOCKBIT,unknown_encrypted,unknown_encrypted,train,185360
data\ransomware_family\LOCKBIT\0013-doc.doc.lockbit,LOCKBIT,unknown_encrypted,unknown_encrypted,train,159760
data\ransomware_family\LOCKBIT\0011-docx.docx.lockbit,LOCKBIT,unknown_encrypted,unknown_encrypted,train,184832
data\ransomware_family\LOCKBIT\0004-xls.xls.lockbit,LOCKBIT,unknown_encrypted,unknown_encrypted,train,1183760
data\ransomware_family\LOCKBIT\0005-xls.xls.lockbit,LOCKBIT,unknown_encrypted,unknown_encrypted,val,878608
data\ransomware_family\LOCKBIT\0015-docx.docx.lockbit,LOCKBIT,unknown_encrypted,unknown_encrypted,val,20336
data\ransomware_family\LOCKBIT\0010-pdf.pdf.lockbit,LOCKBIT,unknown_encrypted,unknown_encrypted,val,25120
data\ransomware_family\LOCKBIT\0012-pptx.pptx.lockbit,LOCKBIT,unknown_encrypted,unknown_encrypted,val,13453999
data\ransomware_family\LOCKBIT\0012-jpg-fromweb.jpg.lockbit,LOCKBIT,unknown_encrypted,unknown_encrypted,val,142224
data\ransomware_family\LOCKBIT\0008-pptx.pptx.lockbit,LOCKBIT,unknown_encrypted,unknown_encrypted,val,9252616
data\ransomware_family\LOCKBIT\0013-xls.xls.lockbit,LOCKBIT,unknown_encrypted,unknown_encrypted,val,35856
data\ransomware_family\LOCKBIT\0001-xls.xls.lockbit,LOCKBIT,unknown_encrypted,unknown_encrypted,val,79376
data\ransomware_family\LOCKBIT\0013-jpg-fromweb.jpg.lockbit,LOCKBIT,unknown_encrypted,unknown_encrypted,val,124960
data\ransomware_family\LOCKBIT\0014-xls.xls.lockbit,LOCKBIT,unknown_encrypted,unknown_encrypted,val,32784
data\ransomware_family\LOCKBIT\0005-pdf.pdf.lockbit,LOCKBIT,unknown_encrypted,unknown_encrypted,val,3339565
data\ransomware_family\LOCKBIT\0011-jpg-fromweb.jpg.lockbit,LOCKBIT,unknown_encrypted,unknown_encrypted,val,170384
data\ransomware_family\LOCKBIT\0003-docx.docx.lockbit,LOCKBIT,unknown_encrypted,unknown_encrypted,val,52160
data\ransomware_family\LOCKBIT\0008-jpg-fromweb.jpg.lockbit,LOCKBIT,unknown_encrypted,unknown_encrypted,val,51552
data\ransomware_family\LOCKBIT\0005-jpg-fromweb.jpg.lockbit,LOCKBIT,unknown_encrypted,unknown_encrypted,val,21824
data\ransomware_family\LOCKBIT\0013-pdf.pdf.lockbit,LOCKBIT,unknown_encrypted,unknown_encrypted,test,77056
data\ransomware_family\LOCKBIT\0011-xlsx.xlsx.lockbit,LOCKBIT,unknown_encrypted,unknown_encrypted,test,90672
data\ransomware_family\LOCKBIT\0002-docx.docx.lockbit,LOCKBIT,unknown_encrypted,unknown_encrypted,test,1801365
data\ransomware_family\LOCKBIT\0004-jpg-fromweb.jpg.lockbit,LOCKBIT,unknown_encrypted,unknown_encrypted,test,76224
data\ransomware_family\LOCKBIT\0002-pdf.pdf.lockbit,LOCKBIT,unknown_encrypted,unknown_encrypted,test,2300116
data\ransomware_family\LOCKBIT\0010-jpg-fromweb.jpg.lockbit,LOCKBIT,unknown_encrypted,unknown_encrypted,test,27584
data\ransomware_family\LOCKBIT\0015-doc.doc.lockbit,LOCKBIT,unknown_encrypted,unknown_encrypted,test,298000
data\ransomware_family\LOCKBIT\0003-xlsx.xlsx.lockbit,LOCKBIT,unknown_encrypted,unknown_encrypted,test,1141505
data\ransomware_family\LOCKBIT\0010-pptx.pptx.lockbit,LOCKBIT,unknown_encrypted,unknown_encrypted,test,214368
data\ransomware_family\LOCKBIT\0010-docx.docx.lockbit,LOCKBIT,unknown_encrypted,unknown_encrypted,test,38752
data\ransomware_family\LOCKBIT\0009-xls.xls.lockbit,LOCKBIT,unknown_encrypted,unknown_encrypted,test,6965776
data\ransomware_family\LOCKBIT\0011-pptx.pptx.lockbit,LOCKBIT,unknown_encrypted,unknown_encrypted,test,5625561
data\ransomware_family\LOCKBIT\0001-xlsx.xlsx.lockbit,LOCKBIT,unknown_encrypted,unknown_encrypted,test,22368
data\ransomware_family\LOCKBIT\0002-doc.doc.lockbit,LOCKBIT,unknown_encrypted,unknown_encrypted,test,46096
data\ransomware_family\LOCKBIT\0006-xls.xls.lockbit,LOCKBIT,unknown_encrypted,unknown_encrypted,test,6925840
data\ransomware_family\LOCKBIT\0014-pptx.pptx.lockbit,LOCKBIT,unknown_encrypted,unknown_encrypted,test,5922176
data\ransomware_family\NOTPETYA\0014-pptx.pptx,NOTPETYA,unknown_encrypted,unknown_encrypted,train,5920624
data\ransomware_family\NOTPETYA\0006-xlsx.xlsx,NOTPETYA,unknown_encrypted,unknown_encrypted,train,1186184
data\ransomware_family\NOTPETYA\0009-xlsx.xlsx,NOTPETYA,unknown_encrypted,unknown_encrypted,train,1276167
data\ransomware_family\NOTPETYA\0005-pptx.pptx,NOTPETYA,unknown_encrypted,unknown_encrypted,train,327088
data\ransomware_family\NOTPETYA\0015-pptx.pptx,NOTPETYA,unknown_encrypted,unknown_encrypted,train,57792
data\ransomware_family\NOTPETYA\0011-pptx.pptx,NOTPETYA,unknown_encrypted,unknown_encrypted,train,5624009
data\ransomware_family\NOTPETYA\0010-pdf.pdf,NOTPETYA,unknown_encrypted,unknown_encrypted,train,23568
data\ransomware_family\NOTPETYA\0007-pdf.pdf,NOTPETYA,unknown_encrypted,unknown_encrypted,train,389888
data\ransomware_family\NOTPETYA\0016-xls.xls,NOTPETYA,unknown_encrypted,unknown_encrypted,train,42512
data\ransomware_family\NOTPETYA\0014-doc.doc,NOTPETYA,unknown_encrypted,unknown_encrypted,train,94736
data\ransomware_family\NOTPETYA\0004-xlsx.xlsx,NOTPETYA,unknown_encrypted,unknown_encrypted,train,1164480
data\ransomware_family\NOTPETYA\0003-pptx.pptx,NOTPETYA,unknown_encrypted,unknown_encrypted,train,15376179
data\ransomware_family\NOTPETYA\0006-pptx.pptx,NOTPETYA,unknown_encrypted,unknown_encrypted,train,2693206
data\ransomware_family\NOTPETYA\0001-doc.doc,NOTPETYA,unknown_encrypted,unknown_encrypted,train,87568
data\ransomware_family\NOTPETYA\0014-xls.xls,NOTPETYA,unknown_encrypted,unknown_encrypted,train,31248
data\ransomware_family\NOTPETYA\0010-xls.xls,NOTPETYA,unknown_encrypted,unknown_encrypted,train,6927360
data\ransomware_family\NOTPETYA\0008-docx.docx,NOTPETYA,unknown_encrypted,unknown_encrypted,train,255536
data\ransomware_family\NOTPETYA\0010-pptx.pptx,NOTPETYA,unknown_encrypted,unknown_encrypted,train,212816
data\ransomware_family\NOTPETYA\0015-doc.doc,NOTPETYA,unknown_encrypted,unknown_encrypted,train,296464
data\ransomware_family\NOTPETYA\0007-docx.docx,NOTPETYA,unknown_encrypted,unknown_encrypted,train,247744
data\ransomware_family\NOTPETYA\0011-docx.docx,NOTPETYA,unknown_encrypted,unknown_encrypted,train,183280
data\ransomware_family\NOTPETYA\0002-xlsx.xlsx,NOTPETYA,unknown_encrypted,unknown_encrypted,train,1188316
data\ransomware_family\NOTPETYA\0013-xls.xls,NOTPETYA,unknown_encrypted,unknown_encrypted,train,34320
data\ransomware_family\NOTPETYA\0009-doc.doc,NOTPETYA,unknown_encrypted,unknown_encrypted,train,457744
data\ransomware_family\NOTPETYA\0012-docx.docx,NOTPETYA,unknown_encrypted,unknown_encrypted,train,629056
data\ransomware_family\NOTPETYA\0007-doc.doc,NOTPETYA,unknown_encrypted,unknown_encrypted,train,201744
data\ransomware_family\NOTPETYA\0011-doc.doc,NOTPETYA,unknown_encrypted,unknown_encrypted,train,183824
data\ransomware_family\NOTPETYA\0015-pdf.pdf,NOTPETYA,unknown_encrypted,unknown_encrypted,train,200272
data\ransomware_family\NOTPETYA\0014-pdf.pdf,NOTPETYA,unknown_encrypted,unknown_encrypted,train,741664
data\ransomware_family\NOTPETYA\0002-pdf.pdf,NOTPETYA,unknown_encrypted,unknown_encrypted,train,2298564
data\ransomware_family\NOTPETYA\0005-xls.xls,NOTPETYA,unknown_encrypted,unknown_encrypted,train,877072
data\ransomware_family\NOTPETYA\0002-docx.docx,NOTPETYA,unknown_encrypted,unknown_encrypted,train,1799813
data\ransomware_family\NOTPETYA\0013-pptx.pptx,NOTPETYA,unknown_encrypted,unknown_encrypted,train,4476370
data\ransomware_family\NOTPETYA\0007-xlsx.xlsx,NOTPETYA,unknown_encrypted,unknown_encrypted,train,1281069
data\ransomware_family\NOTPETYA\0006-xls.xls,NOTPETYA,unknown_encrypted,unknown_encrypted,train,6924288
data\ransomware_family\NOTPETYA\0010-xlsx.xlsx,NOTPETYA,unknown_encrypted,unknown_encrypted,train,27072
data\ransomware_family\NOTPETYA\0006-pdf.pdf,NOTPETYA,unknown_encrypted,unknown_encrypted,train,1774746
data\ransomware_family\NOTPETYA\0009-docx.docx,NOTPETYA,unknown_encrypted,unknown_encrypted,train,75152
data\ransomware_family\NOTPETYA\0007-xls.xls,NOTPETYA,unknown_encrypted,unknown_encrypted,train,3888640
data\ransomware_family\NOTPETYA\0017-pptx.pptx,NOTPETYA,unknown_encrypted,unknown_encrypted,train,472592
data\ransomware_family\NOTPETYA\0011-pdf.pdf,NOTPETYA,unknown_encrypted,unknown_encrypted,train,832320
data\ransomware_family\NOTPETYA\0004-pptx.pptx,NOTPETYA,unknown_encrypted,unknown_encrypted,train,3455965
data\ransomware_family\NOTPETYA\0005-docx.docx,NOTPETYA,unknown_encrypted,unknown_encrypted,train,135296
data\ransomware_family\NOTPETYA\0009-pptx.pptx,NOTPETYA,unknown_encrypted,unknown_encrypted,train,1535675
data\ransomware_family\NOTPETYA\0011-xlsx.xlsx,NOTPETYA,unknown_encrypted,unknown_encrypted,train,89120
data\ransomware_family\NOTPETYA\0017-doc.doc,NOTPETYA,unknown_encrypted,unknown_encrypted,train,161808
data\ransomware_family\NOTPETYA\0015-xlsx.xlsx,NOTPETYA,unknown_encrypted,unknown_encrypted,train,1109164
data\ransomware_family\NOTPETYA\0011-xls.xls,NOTPETYA,unknown_encrypted,unknown_encrypted,train,145936
data\ransomware_family\NOTPETYA\0013-doc.doc,NOTPETYA,unknown_encrypted,unknown_encrypted,train,158224
data\ransomware_family\NOTPETYA\0012-doc.doc,NOTPETYA,unknown_encrypted,unknown_encrypted,train,48144
data\ransomware_family\NOTPETYA\0005-xlsx.xlsx,NOTPETYA,unknown_encrypted,unknown_encrypted,train,1263906
data\ransomware_family\NOTPETYA\0003-doc.doc,NOTPETYA,unknown_encrypted,unknown_encrypted,train,275472
data\ransomware_family\NOTPETYA\0016-xlsx.xlsx,NOTPETYA,unknown_encrypted,unknown_encrypted,train,1170927
data\ransomware_family\NOTPETYA\0016-pptx.pptx,NOTPETYA,unknown_encrypted,unknown_encrypted,train,57808
data\ransomware_family\NOTPETYA\0017-pdf.pdf,NOTPETYA,unknown_encrypted,unknown_encrypted,train,83136
data\ransomware_family\NOTPETYA\0001-pdf.pdf,NOTPETYA,unknown_encrypted,unknown_encrypted,train,1461493
data\ransomware_family\NOTPETYA\0015-docx.docx,NOTPETYA,unknown_encrypted,unknown_encrypted,train,18784
data\ransomware_family\NOTPETYA\0005-doc.doc,NOTPETYA,unknown_encrypted,unknown_encrypted,train,10125312
data\ransomware_family\NOTPETYA\0002-doc.doc,NOTPETYA,unknown_encrypted,unknown_encrypted,train,44560
data\ransomware_family\NOTPETYA\0008-pdf.pdf,NOTPETYA,unknown_encrypted,unknown_encrypted,train,158432
data\ransomware_family\NOTPETYA\0009-pdf.pdf,NOTPETYA,unknown_encrypted,unknown_encrypted,train,858928
data\ransomware_family\NOTPETYA\0002-xls.xls,NOTPETYA,unknown_encrypted,unknown_encrypted,train,699920
data\ransomware_family\NOTPETYA\0003-xlsx.xlsx,NOTPETYA,unknown_encrypted,unknown_encrypted,train,1139953
data\ransomware_family\NOTPETYA\0013-xlsx.xlsx,NOTPETYA,unknown_encrypted,unknown_encrypted,train,1183216
data\ransomware_family\NOTPETYA\0012-pdf.pdf,NOTPETYA,unknown_encrypted,unknown_encrypted,train,72832
data\ransomware_family\NOTPETYA\0008-doc.doc,NOTPETYA,unknown_encrypted,unknown_encrypted,train,76304
data\ransomware_family\NOTPETYA\0016-docx.docx,NOTPETYA,unknown_encrypted,unknown_encrypted,train,15248
data\ransomware_family\NOTPETYA\0001-pptx.pptx,NOTPETYA,unknown_encrypted,unknown_encrypted,train,362112
data\ransomware_family\NOTPETYA\0013-docx.docx,NOTPETYA,unknown_encrypted,unknown_encrypted,train,32880
data\ransomware_family\NOTPETYA\0004-xls.xls,NOTPETYA,unknown_encrypted,unknown_encrypted,train,1182208
data\ransomware_family\NOTPETYA\0004-pdf.pdf,NOTPETYA,unknown_encrypted,unknown_encrypted,val,10353138
data\ransomware_family\NOTPETYA\0006-doc.doc,NOTPETYA,unknown_encrypted,unknown_encrypted,val,98832
data\ransomware_family\NOTPETYA\0016-pdf.pdf,NOTPETYA,unknown_encrypted,unknown_encrypted,val,310752
data\ransomware_family\NOTPETYA\0009-xls.xls,NOTPETYA,unknown_encrypted,unknown_encrypted,val,6964224
data\ransomware_family\NOTPETYA\0017-docx.docx,NOTPETYA,unknown_encrypted,unknown_encrypted,val,22496
data\ransomware_family\NOTPETYA\0014-docx.docx,NOTPETYA,unknown_encrypted,unknown_encrypted,val,15664
data\ransomware_family\NOTPETYA\0003-docx.docx,NOTPETYA,unknown_encrypted,unknown_encrypted,val,50608
data\ransomware_family\NOTPETYA\0006-docx.docx,NOTPETYA,unknown_encrypted,unknown_encrypted,val,89136
data\ransomware_family\NOTPETYA\0005-pdf.pdf,NOTPETYA,unknown_encrypted,unknown_encrypted,val,3338013
data\ransomware_family\NOTPETYA\0008-pptx.pptx,NOTPETYA,unknown_encrypted,unknown_encrypted,val,9251064
data\ransomware_family\NOTPETYA\0014-xlsx.xlsx,NOTPETYA,unknown_encrypted,unknown_encrypted,val,1274344
data\ransomware_family\NOTPETYA\0008-xls.xls,NOTPETYA,unknown_encrypted,unknown_encrypted,val,3311616
data\ransomware_family\NOTPETYA\0007-pptx.pptx,NOTPETYA,unknown_encrypted,unknown_encrypted,val,244672
data\ransomware_family\NOTPETYA\0001-xlsx.xlsx,NOTPETYA,unknown_encrypted,unknown_encrypted,val,20816
data\ransomware_family\NOTPETYA\0003-xls.xls,NOTPETYA,unknown_encrypted,unknown_encrypted,val,257552
data\ransomware_family\NOTPETYA\0010-docx.docx,NOTPETYA,unknown_encrypted,unknown_encrypted,test,37200
data\ransomware_family\NOTPETYA\0004-doc.doc,NOTPETYA,unknown_encrypted,unknown_encrypted,test,71696
data\ransomware_family\NOTPETYA\NOTPETYA.pdf,NOTPETYA,unknown_encrypted,unknown_encrypted,test,3516474
data\ransomware_family\NOTPETYA\0013-pdf.pdf,NOTPETYA,unknown_encrypted,unknown_encrypted,test,75504
data\ransomware_family\NOTPETYA\0008-xlsx.xlsx,NOTPETYA,unknown_encrypted,unknown_encrypted,test,1163183
data\ransomware_family\NOTPETYA\0001-xls.xls,NOTPETYA,unknown_encrypted,unknown_encrypted,test,77840
data\ransomware_family\NOTPETYA\0012-pptx.pptx,NOTPETYA,unknown_encrypted,unknown_encrypted,test,13452447
data\ransomware_family\NOTPETYA\0004-docx.docx,NOTPETYA,unknown_encrypted,unknown_encrypted,test,143424
data\ransomware_family\NOTPETYA\0015-xls.xls,NOTPETYA,unknown_encrypted,unknown_encrypted,test,34832
data\ransomware_family\NOTPETYA\0002-pptx.pptx,NOTPETYA,unknown_encrypted,unknown_encrypted,test,790672
data\ransomware_family\NOTPETYA\0003-pdf.pdf,NOTPETYA,unknown_encrypted,unknown_encrypted,test,1362998
data\ransomware_family\NOTPETYA\0001-docx.docx,NOTPETYA,unknown_encrypted,unknown_encrypted,test,96848
data\ransomware_family\NOTPETYA\0012-xlsx.xlsx,NOTPETYA,unknown_encrypted,unknown_encrypted,test,51952
data\ransomware_family\NOTPETYA\0010-doc.doc,NOTPETYA,unknown_encrypted,unknown_encrypted,test,45072
data\ransomware_family\NOTPETYA\0016-doc.doc,NOTPETYA,unknown_encrypted,unknown_encrypted,test,164368
data\ransomware_family\NOTPETYA\0012-xls.xls,NOTPETYA,unknown_encrypted,unknown_encrypted,test,31760
data\ransomware_family\RYUK\0007-xls.xls.RYK,RYUK,unknown_encrypted,unknown_encrypted,train,3888930
data\ransomware_family\RYUK\0009-xlsx.xlsx.RYK,RYUK,unknown_encrypted,unknown_encrypted,train,1276450
data\ransomware_family\RYUK\0007-pdf.pdf.RYK,RYUK,unknown_encrypted,unknown_encrypted,train,390162
data\ransomware_family\RYUK\0009-jpg-fromweb.jpg.RYK,RYUK,unknown_encrypted,unknown_encrypted,train,44994
data\ransomware_family\RYUK\0010-xlsx.xlsx.RYK,RYUK,unknown_encrypted,unknown_encrypted,train,27346
data\ransomware_family\RYUK\0010-xls.xls.RYK,RYUK,unknown_encrypted,unknown_encrypted,train,6927650
data\ransomware_family\RYUK\0012-pptx.pptx.RYK,RYUK,unknown_encrypted,unknown_encrypted,train,13452722
data\ransomware_family\RYUK\0009-xls.xls.RYK,RYUK,unknown_encrypted,unknown_encrypted,train,6964514
data\ransomware_family\RYUK\0005-xlsx.xlsx.RYK,RYUK,unknown_encrypted,unknown_encrypted,train,1264194
data\ransomware_family\RYUK\0007-jpg-fromweb.jpg.RYK,RYUK,unknown_encrypted,unknown_encrypted,train,41122
data\ransomware_family\RYUK\0002-docx.docx.RYK,RYUK,unknown_encrypted,unknown_encrypted,train,1800098
data\ransomware_family\RYUK\0002-pptx.pptx.RYK,RYUK,unknown_encrypted,unknown_encrypted,train,790946
data\ransomware_family\RYUK\0005-xls.xls.RYK,RYUK,unknown_encrypted,unknown_encrypted,train,877346
data\ransomware_family\RYUK\0003-xlsx.xlsx.RYK,RYUK,unknown_encrypted,unknown_encrypted,train,1140242
data\ransomware_family\RYUK\0011-xlsx.xlsx.RYK,RYUK,unknown_encrypted,unknown_encrypted,train,89394
data\ransomware_family\RYUK\0014-xls.xls.RYK,RYUK,unknown_encrypted,unknown_encrypted,train,31522
data\ransomware_family\RYUK\0003-pptx.pptx.RYK,RYUK,unknown_encrypted,unknown_encrypted,train,15376466
data\ransomware_family\RYUK\0014-pdf.pdf.RYK,RYUK,unknown_encrypted,unknown_encrypted,train,741938
data\ransomware_family\RYUK\0004-jpg-fromweb.jpg.RYK,RYUK,unknown_encrypted,unknown_encrypted,train,74946
data\ransomware_family\RYUK\0001-pdf.pdf.RYK,RYUK,unknown_encrypted,unknown_encrypted,train,1461778
data\ransomware_family\RYUK\0005-doc.doc.RYK,RYUK,unknown_encrypted,unknown_encrypted,train,10125602
data\ransomware_family\RYUK\0003-pdf.pdf.RYK,RYUK,unknown_encrypted,unknown_encrypted,train,1363282
data\ransomware_family\RYUK\0011-pdf.pdf.RYK,RYUK,unknown_encrypted,unknown_encrypted,train,832594
data\ransomware_family\RYUK\0012-jpg-fromweb.jpg.RYK,RYUK,unknown_encrypted,unknown_encrypted,train,140946
data\ransomware_family\RYUK\0013-pdf.pdf.RYK,RYUK,unknown_encrypted,unknown_encrypted,train,75778
data\ransomware_family\RYUK\0012-xlsx.xlsx.RYK,RYUK,unknown_encrypted,unknown_encrypted,train,52226
data\ransomware_family\RYUK\0006-doc.doc.RYK,RYUK,unknown_encrypted,unknown_encrypted,train,99106
data\ransomware_family\RYUK\0009-docx.docx.RYK,RYUK,unknown_encrypted,unknown_encrypted,train,75426
data\ransomware_family\RYUK\0002-doc.doc.RYK,RYUK,unknown_encrypted,unknown_encrypted,train,44834
data\ransomware_family\RYUK\0002-xlsx.xlsx.RYK,RYUK,unknown_encrypted,unknown_encrypted,train,1188594
data\ransomware_family\RYUK\0013-xlsx.xlsx.RYK,RYUK,unknown_encrypted,unknown_encrypted,train,1183506
data\ransomware_family\RYUK\0001-xlsx.xlsx.RYK,RYUK,unknown_encrypted,unknown_encrypted,train,21090
data\ransomware_family\RYUK\0012-doc.doc.RYK,RYUK,unknown_encrypted,unknown_encrypted,train,48418
data\ransomware_family\RYUK\0008-doc.doc.RYK,RYUK,unknown_encrypted,unknown_encrypted,train,76578
data\ransomware_family\RYUK\0007-pptx.pptx.RYK,RYUK,unknown_encrypted,unknown_encrypted,train,244946
data\ransomware_family\RYUK\0004-pptx.pptx.RYK,RYUK,unknown_encrypted,unknown_encrypted,train,3456242
data\ransomware_family\RYUK\0005-pdf.pdf.RYK,RYUK,unknown_encrypted,unknown_encrypted,train,3338290
data\ransomware_family\RYUK\0013-jpg-fromweb.jpg.RYK,RYUK,unknown_encrypted,unknown_encrypted,train,123682
data\ransomware_family\RYUK\0008-docx.docx.RYK,RYUK,unknown_encrypted,unknown_encrypted,train,255810
data\ransomware_family\RYUK\0010-doc.doc.RYK,RYUK,unknown_encrypted,unknown_encrypted,train,45346
data\ransomware_family\RYUK\0010-pdf.pdf.RYK,RYUK,unknown_encrypted,unknown_encrypted,train,23842
data\ransomware_family\RYUK\0011-pptx.pptx.RYK,RYUK,unknown_encrypted,unknown_encrypted,train,5624290
data\ransomware_family\RYUK\0005-docx.docx.RYK,RYUK,unknown_encrypted,unknown_encrypted,train,135570
data\ransomware_family\RYUK\0001-pptx.pptx.RYK,RYUK,unknown_encrypted,unknown_encrypted,train,362386
data\ransomware_family\RYUK\0011-docx.docx.RYK,RYUK,unknown_encrypted,unknown_encrypted,train,183554
data\ransomware_family\RYUK\0005-jpg-fromweb.jpg.RYK,RYUK,unknown_encrypted,unknown_encrypted,train,20546
data\ransomware_family\RYUK\0008-xls.xls.RYK,RYUK,unknown_encrypted,unknown_encrypted,train,3311906
data\ransomware_family\RYUK\0001-jpg-fromweb.jpg.RYK,RYUK,unknown_encrypted,unknown_encrypted,train,25762
data\ransomware_family\RYUK\0001-docx.docx.RYK,RYUK,unknown_encrypted,unknown_encrypted,train,97122
data\ransomware_family\RYUK\0002-jpg-fromweb.jpg.RYK,RYUK,unknown_encrypted,unknown_encrypted,train,91554
data\ransomware_family\RYUK\0002-xls.xls.RYK,RYUK,unknown_encrypted,unknown_encrypted,train,700194
data\ransomware_family\RYUK\0003-doc.doc.RYK,RYUK,unknown_encrypted,unknown_encrypted,train,275746
data\ransomware_family\RYUK\0003-xls.xls.RYK,RYUK,unknown_encrypted,unknown_encrypted,train,257826
data\ransomware_family\RYUK\0007-docx.docx.RYK,RYUK,unknown_encrypted,unknown_encrypted,train,248018
data\ransomware_family\RYUK\0015-docx.docx.RYK,RYUK,unknown_encrypted,unknown_encrypted,train,19058
data\ransomware_family\RYUK\RYUK.pdf,RYUK,unknown_encrypted,unknown_encrypted,train,3516553
data\ransomware_family\RYUK\0014-jpg-fromweb.jpg.RYK,RYUK,unknown_encrypted,unknown_encrypted,train,18706
data\ransomware_family\RYUK\0001-xls.xls.RYK,RYUK,unknown_encrypted,unknown_encrypted,train,78114
data\ransomware_family\RYUK\0010-pptx.pptx.RYK,RYUK,unknown_encrypted,unknown_encrypted,train,213090
data\ransomware_family\RYUK\0014-pptx.pptx.RYK,RYUK,unknown_encrypted,unknown_encrypted,train,5920914
data\ransomware_family\RYUK\0006-xls.xls.RYK,RYUK,unknown_encrypted,unknown_encrypted,train,6924578
data\ransomware_family\RYUK\0007-doc.doc.RYK,RYUK,unknown_encrypted,unknown_encrypted,train,202018
data\ransomware_family\RYUK\0005-pptx.pptx.RYK,RYUK,unknown_encrypted,unknown_encrypted,train,327362
data\ransomware_family\RYUK\0011-xls.xls.RYK,RYUK,unknown_encrypted,unknown_encrypted,train,146210
data\ransomware_family\RYUK\0002-pdf.pdf.RYK,RYUK,unknown_encrypted,unknown_encrypted,train,2298850
data\ransomware_family\RYUK\0004-doc.doc.RYK,RYUK,unknown_encrypted,unknown_encrypted,train,71970
data\ransomware_family\RYUK\0009-pptx.pptx.RYK,RYUK,unknown_encrypted,unknown_encrypted,train,1535954
data\ransomware_family\RYUK\0010-jpg-fromweb.jpg.RYK,RYUK,unknown_encrypted,unknown_encrypted,train,26306
data\ransomware_family\RYUK\0004-xlsx.xlsx.RYK,RYUK,unknown_encrypted,unknown_encrypted,train,1164770
data\ransomware_family\RYUK\0012-xls.xls.RYK,RYUK,unknown_encrypted,unknown_encrypted,train,32034
data\ransomware_family\RYUK\0009-doc.doc.RYK,RYUK,unknown_encrypted,unknown_encrypted,val,458018
data\ransomware_family\RYUK\0009-pdf.pdf.RYK,RYUK,unknown_encrypted,unknown_encrypted,val,859202
data\ransomware_family\RYUK\0015-doc.doc.RYK,RYUK,unknown_encrypted,unknown_encrypted,val,296738
data\ransomware_family\RYUK\0008-xlsx.xlsx.RYK,RYUK,unknown_encrypted,unknown_encrypted,val,1163458
data\ransomware_family\RYUK\0004-xls.xls.RYK,RYUK,unknown_encrypted,unknown_encrypted,val,1182498
data\ransomware_family\RYUK\0006-docx.docx.RYK,RYUK,unknown_encrypted,unknown_encrypted,val,89410
data\ransomware_family\RYUK\0012-pdf.pdf.RYK,RYUK,unknown_encrypted,unknown_encrypted,val,73106
data\ransomware_family\RYUK\0001-doc.doc.RYK,RYUK,unknown_encrypted,unknown_encrypted,val,87842
data\ransomware_family\RYUK\0013-pptx.pptx.RYK,RYUK,unknown_encrypted,unknown_encrypted,val,4476658
data\ransomware_family\RYUK\0014-doc.doc.RYK,RYUK,unknown_encrypted,unknown_encrypted,val,95010
data\ransomware_family\RYUK\0014-xlsx.xlsx.RYK,RYUK,unknown_encrypted,unknown_encrypted,val,1274626
data\ransomware_family\RYUK\0011-jpg-fromweb.jpg.RYK,RYUK,unknown_encrypted,unknown_encrypted,val,169106
data\ransomware_family\RYUK\0012-docx.docx.RYK,RYUK,unknown_encrypted,unknown_encrypted,val,629330
data\ransomware_family\RYUK\0004-docx.docx.RYK,RYUK,unknown_encrypted,unknown_encrypted,val,143698
data\ransomware_family\RYUK\0007-xlsx.xlsx.RYK,RYUK,unknown_encrypted,unknown_encrypted,val,1281346
data\ransomware_family\RYUK\0008-pptx.pptx.RYK,RYUK,unknown_encrypted,unknown_encrypted,test,9251346
data\ransomware_family\RYUK\0004-pdf.pdf.RYK,RYUK,unknown_encrypted,unknown_encrypted,test,10353426
data\ransomware_family\RYUK\0003-jpg-fromweb.jpg.RYK,RYUK,unknown_encrypted,unknown_encrypted,test,83810
data\ransomware_family\RYUK\0011-doc.doc.RYK,RYUK,unknown_encrypted,unknown_encrypted,test,184098
data\ransomware_family\RYUK\0006-jpg-fromweb.jpg.RYK,RYUK,unknown_encrypted,unknown_encrypted,test,20786
data\ransomware_family\RYUK\0013-xls.xls.RYK,RYUK,unknown_encrypted,unknown_encrypted,test,34594
data\ransomware_family\RYUK\0008-jpg-fromweb.jpg.RYK,RYUK,unknown_encrypted,unknown_encrypted,test,50290
data\ransomware_family\RYUK\0006-xlsx.xlsx.RYK,RYUK,unknown_encrypted,unknown_encrypted,test,1186466
data\ransomware_family\RYUK\0008-pdf.pdf.RYK,RYUK,unknown_encrypted,unknown_encrypted,test,158706
data\ransomware_family\RYUK\0013-docx.docx.RYK,RYUK,unknown_encrypted,unknown_encrypted,test,33154
data\ransomware_family\RYUK\0006-pptx.pptx.RYK,RYUK,unknown_encrypted,unknown_encrypted,test,2693490
data\ransomware_family\RYUK\0010-docx.docx.RYK,RYUK,unknown_encrypted,unknown_encrypted,test,37474
data\ransomware_family\RYUK\0006-pdf.pdf.RYK,RYUK,unknown_encrypted,unknown_encrypted,test,1775026
data\ransomware_family\RYUK\0014-docx.docx.RYK,RYUK,unknown_encrypted,unknown_encrypted,test,15938
data\ransomware_family\RYUK\0003-docx.docx.RYK,RYUK,unknown_encrypted,unknown_encrypted,test,50882
data\ransomware_family\RYUK\0013-doc.doc.RYK,RYUK,unknown_encrypted,unknown_encrypted,test,158498
data\ransomware_family\SODINOKIBI\0006-xlsx.xlsx.wiyn0sx9jt,SODINOKIBI,unknown_encrypted,unknown_encrypted,train,1186416
data\ransomware_family\SODINOKIBI\0014-xlsx.xlsx.wiyn0sx9jt,SODINOKIBI,unknown_encrypted,unknown_encrypted,train,1274576
data\ransomware_family\SODINOKIBI\0003-pptx.pptx.wiyn0sx9jt,SODINOKIBI,unknown_encrypted,unknown_encrypted,train,15376411
data\ransomware_family\SODINOKIBI\0013-xls.xls.wiyn0sx9jt,SODINOKIBI,unknown_encrypted,unknown_encrypted,train,34536
data\ransomware_family\SODINOKIBI\0010-docx.docx.wiyn0sx9jt,SODINOKIBI,unknown_encrypted,unknown_encrypted,train,37422
data\ransomware_family\SODINOKIBI\0014-doc.doc.wiyn0sx9jt,SODINOKIBI,unknown_encrypted,unknown_encrypted,train,94952
data\ransomware_family\SODINOKIBI\0014-xls.xls.wiyn0sx9jt,SODINOKIBI,unknown_encrypted,unknown_encrypted,train,31464
data\ransomware_family\SODINOKIBI\0001-pdf.pdf.wiyn0sx9jt,SODINOKIBI,unknown_encrypted,unknown_encrypted,train,1461725
data\ransomware_family\SODINOKIBI\0008-docx.docx.wiyn0sx9jt,SODINOKIBI,unknown_encrypted,unknown_encrypted,train,255754
data\ransomware_family\SODINOKIBI\0002-pptx.pptx.wiyn0sx9jt,SODINOKIBI,unknown_encrypted,unknown_encrypted,train,790893
data\ransomware_family\SODINOKIBI\0003-docx.docx.wiyn0sx9jt,SODINOKIBI,unknown_encrypted,unknown_encrypted,train,50830
data\ransomware_family\SODINOKIBI\0010-doc.doc.wiyn0sx9jt,SODINOKIBI,unknown_encrypted,unknown_encrypted,train,45288
data\ransomware_family\SODINOKIBI\0011-doc.doc.wiyn0sx9jt,SODINOKIBI,unknown_encrypted,unknown_encrypted,train,184040
data\ransomware_family\SODINOKIBI\0008-xlsx.xlsx.wiyn0sx9jt,SODINOKIBI,unknown_encrypted,unknown_encrypted,train,1163415
data\ransomware_family\SODINOKIBI\0003-jpg-fromweb.jpg.wiyn0sx9jt,SODINOKIBI,unknown_encrypted,unknown_encrypted,train,83758
data\ransomware_family\SODINOKIBI\0007-pptx.pptx.wiyn0sx9jt,SODINOKIBI,unknown_encrypted,unknown_encrypted,train,244903
data\ransomware_family\SODINOKIBI\0002-xlsx.xlsx.wiyn0sx9jt,SODINOKIBI,unknown_encrypted,unknown_encrypted,train,1188548
data\ransomware_family\SODINOKIBI\0013-xlsx.xlsx.wiyn0sx9jt,SODINOKIBI,unknown_encrypted,unknown_encrypted,train,1183448
data\ransomware_family\SODINOKIBI\0011-pptx.pptx.wiyn0sx9jt,SODINOKIBI,unknown_encrypted,unknown_encrypted,train,5624241
data\ransomware_family\SODINOKIBI\0003-xlsx.xlsx.wiyn0sx9jt,SODINOKIBI,unknown_encrypted,unknown_encrypted,train,1140185
data\ransomware_family\SODINOKIBI\0004-jpg-fromweb.jpg.wiyn0sx9jt,SODINOKIBI,unknown_encrypted,unknown_encrypted,train,74893
data\ransomware_family\SODINOKIBI\0005-doc.doc.wiyn0sx9jt,SODINOKIBI,unknown_encrypted,unknown_encrypted,train,10125544
data\ransomware_family\SODINOKIBI\0001-xlsx.xlsx.wiyn0sx9jt,SODINOKIBI,unknown_encrypted,unknown_encrypted,train,21033
data\ransomware_family\SODINOKIBI\0006-pptx.pptx.wiyn0sx9jt,SODINOKIBI,unknown_encrypted,unknown_encrypted,train,2693438
data\ransomware_family\SODINOKIBI\0002-xls.xls.wiyn0sx9jt,SODINOKIBI,unknown_encrypted,unknown_encrypted,train,700136
data\ransomware_family\SODINOKIBI\0006-jpg-fromweb.jpg.wiyn0sx9jt,SODINOKIBI,unknown_encrypted,unknown_encrypted,train,20735
data\ransomware_family\SODINOKIBI\0005-xls.xls.wiyn0sx9jt,SODINOKIBI,unknown_encrypted,unknown_encrypted,train,877288
data\ransomware_family\SODINOKIBI\0005-pptx.pptx.wiyn0sx9jt,SODINOKIBI,unknown_encrypted,unknown_encrypted,train,327305
data\ransomware_family\SODINOKIBI\0011-xls.xls.wiyn0sx9jt,SODINOKIBI,unknown_encrypted,unknown_encrypted,train,146152
data\ransomware_family\SODINOKIBI\0007-jpg-fromweb.jpg.wiyn0sx9jt,SODINOKIBI,unknown_encrypted,unknown_encrypted,train,41064
data\ransomware_family\SODINOKIBI\0001-pptx.pptx.wiyn0sx9jt,SODINOKIBI,unknown_encrypted,unknown_encrypted,train,362329
data\ransomware_family\SODINOKIBI\0007-pdf.pdf.wiyn0sx9jt,SODINOKIBI,unknown_encrypted,unknown_encrypted,train,390106
data\ransomware_family\SODINOKIBI\0001-xls.xls.wiyn0sx9jt,SODINOKIBI,unknown_encrypted,unknown_encrypted,train,78056
data\ransomware_family\SODINOKIBI\0014-jpg-fromweb.jpg.wiyn0sx9jt,SODINOKIBI,unknown_encrypted,unknown_encrypted,train,18650
data\ransomware_family\SODINOKIBI\0013-jpg-fromweb.jpg.wiyn0sx9jt,SODINOKIBI,unknown_encrypted,unknown_encrypted,train,123631
data\ransomware_family\SODINOKIBI\0007-docx.docx.wiyn0sx9jt,SODINOKIBI,unknown_encrypted,unknown_encrypted,train,247972
data\ransomware_family\SODINOKIBI\0008-jpg-fromweb.jpg.wiyn0sx9jt,SODINOKIBI,unknown_encrypted,unknown_encrypted,train,50232
data\ransomware_family\SODINOKIBI\0012-doc.doc.wiyn0sx9jt,SODINOKIBI,unknown_encrypted,unknown_encrypted,train,48360
data\ransomware_family\SODINOKIBI\SODINOKIBI.pdf,SODINOKIBI,unknown_encrypted,unknown_encrypted,train,3516700
data\ransomware_family\SODINOKIBI\0013-doc.doc.wiyn0sx9jt,SODINOKIBI,unknown_encrypted,unknown_encrypted,train,158440
data\ransomware_family\SODINOKIBI\0004-pptx.pptx.wiyn0sx9jt,SODINOKIBI,unknown_encrypted,unknown_encrypted,train,3456197
data\ransomware_family\SODINOKIBI\0004-doc.doc.wiyn0sx9jt,SODINOKIBI,unknown_encrypted,unknown_encrypted,train,71912
data\ransomware_family\SODINOKIBI\0009-jpg-fromweb.jpg.wiyn0sx9jt,SODINOKIBI,unknown_encrypted,unknown_encrypted,train,44945
data\ransomware_family\SODINOKIBI\0001-docx.docx.wiyn0sx9jt,SODINOKIBI,unknown_encrypted,unknown_encrypted,train,97078
data\ransomware_family\SODINOKIBI\0011-jpg-fromweb.jpg.wiyn0sx9jt,SODINOKIBI,unknown_encrypted,unknown_encrypted,train,169058
data\ransomware_family\SODINOKIBI\0012-docx.docx.wiyn0sx9jt,SODINOKIBI,unknown_encrypted,unknown_encrypted,train,629281
data\ransomware_family\SODINOKIBI\0012-xlsx.xlsx.wiyn0sx9jt,SODINOKIBI,unknown_encrypted,unknown_encrypted,train,52170
data\ransomware_family\SODINOKIBI\0010-pptx.pptx.wiyn0sx9jt,SODINOKIBI,unknown_encrypted,unknown_encrypted,train,213033
data\ransomware_family\SODINOKIBI\0005-pdf.pdf.wiyn0sx9jt,SODINOKIBI,unknown_encrypted,unknown_encrypted,train,3338245
data\ransomware_family\SODINOKIBI\0003-doc.doc.wiyn0sx9jt,SODINOKIBI,unknown_encrypted,unknown_encrypted,train,275688
data\ransomware_family\SODINOKIBI\0006-pdf.pdf.wiyn0sx9jt,SODINOKIBI,unknown_encrypted,unknown_encrypted,train,1774978
data\ransomware_family\SODINOKIBI\0009-docx.docx.wiyn0sx9jt,SODINOKIBI,unknown_encrypted,unknown_encrypted,train,75370
data\ransomware_family\SODINOKIBI\0014-docx.docx.wiyn0sx9jt,SODINOKIBI,unknown_encrypted,unknown_encrypted,train,15883
data\ransomware_family\SODINOKIBI\0007-xls.xls.wiyn0sx9jt,SODINOKIBI,unknown_encrypted,unknown_encrypted,train,3888872
data\ransomware_family\SODINOKIBI\0013-pptx.pptx.wiyn0sx9jt,SODINOKIBI,unknown_encrypted,unknown_encrypted,train,4476602
data\ransomware_family\SODINOKIBI\0011-pdf.pdf.wiyn0sx9jt,SODINOKIBI,unknown_encrypted,unknown_encrypted,train,832541
data\ransomware_family\SODINOKIBI\0010-xls.xls.wiyn0sx9jt,SODINOKIBI,unknown_encrypted,unknown_encrypted,train,6927592
data\ransomware_family\SODINOKIBI\0008-xls.xls.wiyn0sx9jt,SODINOKIBI,unknown_encrypted,unknown_encrypted,train,3311848
data\ransomware_family\SODINOKIBI\0004-pdf.pdf.wiyn0sx9jt,SODINOKIBI,unknown_encrypted,unknown_encrypted,train,10353370
data\ransomware_family\SODINOKIBI\0010-jpg-fromweb.jpg.wiyn0sx9jt,SODINOKIBI,unknown_encrypted,unknown_encrypted,train,26261
data\ransomware_family\SODINOKIBI\0012-jpg-fromweb.jpg.wiyn0sx9jt,SODINOKIBI,unknown_encrypted,unknown_encrypted,train,140893
data\ransomware_family\SODINOKIBI\0004-docx.docx.wiyn0sx9jt,SODINOKIBI,unknown_encrypted,unknown_encrypted,train,143648
data\ransomware_family\SODINOKIBI\0009-pptx.pptx.wiyn0sx9jt,SODINOKIBI,unknown_encrypted,unknown_encrypted,train,1535907
data\ransomware_family\SODINOKIBI\0001-doc.doc.wiyn0sx9jt,SODINOKIBI,unknown_encrypted,unknown_encrypted,train,87784
data\ransomware_family\SODINOKIBI\0009-xls.xls.wiyn0sx9jt,SODINOKIBI,unknown_encrypted,unknown_encrypted,train,6964456
data\ransomware_family\SODINOKIBI\0007-xlsx.xlsx.wiyn0sx9jt,SODINOKIBI,unknown_encrypted,unknown_encrypted,train,1281301
data\ransomware_family\SODINOKIBI\0001-jpg-fromweb.jpg.wiyn0sx9jt,SODINOKIBI,unknown_encrypted,unknown_encrypted,train,25707
data\ransomware_family\SODINOKIBI\0014-pptx.pptx.wiyn0sx9jt,SODINOKIBI,unknown_encrypted,unknown_encrypted,train,5920856
data\ransomware_family\SODINOKIBI\0011-docx.docx.wiyn0sx9jt,SODINOKIBI,unknown_encrypted,unknown_encrypted,train,183504
data\ransomware_family\SODINOKIBI\0004-xls.xls.wiyn0sx9jt,SODINOKIBI,unknown_encrypted,unknown_encrypted,train,1182440
data\ransomware_family\SODINOKIBI\0002-doc.doc.wiyn0sx9jt,SODINOKIBI,unknown_encrypted,unknown_encrypted,val,44776
data\ransomware_family\SODINOKIBI\0011-xlsx.xlsx.wiyn0sx9jt,SODINOKIBI,unknown_encrypted,unknown_encrypted,val,89337
data\ransomware_family\SODINOKIBI\0009-pdf.pdf.wiyn0sx9jt,SODINOKIBI,unknown_encrypted,unknown_encrypted,val,859149
data\ransomware_family\SODINOKIBI\0013-docx.docx.wiyn0sx9jt,SODINOKIBI,unknown_encrypted,unknown_encrypted,val,33105
data\ransomware_family\SODINOKIBI\0013-pdf.pdf.wiyn0sx9jt,SODINOKIBI,unknown_encrypted,unknown_encrypted,val,75722
data\ransomware_family\SODINOKIBI\0008-pdf.pdf.wiyn0sx9jt,SODINOKIBI,unknown_encrypted,unknown_encrypted,val,158654
data\ransomware_family\SODINOKIBI\0008-pptx.pptx.wiyn0sx9jt,SODINOKIBI,unknown_encrypted,unknown_encrypted,val,9251296
data\ransomware_family\SODINOKIBI\0002-docx.docx.wiyn0sx9jt,SODINOKIBI,unknown_encrypted,unknown_encrypted,val,1800045
data\ransomware_family\SODINOKIBI\0004-xlsx.xlsx.wiyn0sx9jt,SODINOKIBI,unknown_encrypted,unknown_encrypted,val,1164712
data\ransomware_family\SODINOKIBI\0012-xls.xls.wiyn0sx9jt,SODINOKIBI,unknown_encrypted,unknown_encrypted,val,31976
data\ransomware_family\SODINOKIBI\0008-doc.doc.wiyn0sx9jt,SODINOKIBI,unknown_encrypted,unknown_encrypted,val,76520
data\ransomware_family\SODINOKIBI\0005-docx.docx.wiyn0sx9jt,SODINOKIBI,unknown_encrypted,unknown_encrypted,val,135516
data\ransomware_family\SODINOKIBI\0003-xls.xls.wiyn0sx9jt,SODINOKIBI,unknown_encrypted,unknown_encrypted,val,257768
data\ransomware_family\SODINOKIBI\0003-pdf.pdf.wiyn0sx9jt,SODINOKIBI,unknown_encrypted,unknown_encrypted,val,1363230
data\ransomware_family\SODINOKIBI\0002-pdf.pdf.wiyn0sx9jt,SODINOKIBI,unknown_encrypted,unknown_encrypted,val,2298796
data\ransomware_family\SODINOKIBI\0010-xlsx.xlsx.wiyn0sx9jt,SODINOKIBI,unknown_encrypted,unknown_encrypted,test,27297
data\ransomware_family\SODINOKIBI\0006-xls.xls.wiyn0sx9jt,SODINOKIBI,unknown_encrypted,unknown_encrypted,test,6924520
data\ransomware_family\SODINOKIBI\0007-doc.doc.wiyn0sx9jt,SODINOKIBI,unknown_encrypted,unknown_encrypted,test,201960
data\ransomware_family\SODINOKIBI\0005-xlsx.xlsx.wiyn0sx9jt,SODINOKIBI,unknown_encrypted,unknown_encrypted,test,1264138
data\ransomware_family\SODINOKIBI\0014-pdf.pdf.wiyn0sx9jt,SODINOKIBI,unknown_encrypted,unknown_encrypted,test,741885
data\ransomware_family\SODINOKIBI\0006-docx.docx.wiyn0sx9jt,SODINOKIBI,unknown_encrypted,unknown_encrypted,test,89357
data\ransomware_family\SODINOKIBI\0002-jpg-fromweb.jpg.wiyn0sx9jt,SODINOKIBI,unknown_encrypted,unknown_encrypted,test,91505
data\ransomware_family\SODINOKIBI\0009-doc.doc.wiyn0sx9jt,SODINOKIBI,unknown_encrypted,unknown_encrypted,test,457960
data\ransomware_family\SODINOKIBI\0015-docx.docx.wiyn0sx9jt,SODINOKIBI,unknown_encrypted,unknown_encrypted,test,19004
data\ransomware_family\SODINOKIBI\0005-jpg-fromweb.jpg.wiyn0sx9jt,SODINOKIBI,unknown_encrypted,unknown_encrypted,test,20498
data\ransomware_family\SODINOKIBI\0012-pdf.pdf.wiyn0sx9jt,SODINOKIBI,unknown_encrypted,unknown_encrypted,test,73050
data\ransomware_family\SODINOKIBI\0009-xlsx.xlsx.wiyn0sx9jt,SODINOKIBI,unknown_encrypted,unknown_encrypted,test,1276399
data\ransomware_family\SODINOKIBI\0010-pdf.pdf.wiyn0sx9jt,SODINOKIBI,unknown_encrypted,unknown_encrypted,test,23796
data\ransomware_family\SODINOKIBI\0015-doc.doc.wiyn0sx9jt,SODINOKIBI,unknown_encrypted,unknown_encrypted,test,296680
data\ransomware_family\SODINOKIBI\0006-doc.doc.wiyn0sx9jt,SODINOKIBI,unknown_encrypted,unknown_encrypted,test,99048
data\ransomware_family\SODINOKIBI\0012-pptx.pptx.wiyn0sx9jt,SODINOKIBI,unknown_encrypted,unknown_encrypted,test,13452679
data\ransomware_family\WANNACRY\0008-xlsx.xlsx.WNCRY,WANNACRY,unknown_encrypted,unknown_encrypted,train,1163464
data\ransomware_family\WANNACRY\0009-xlsx.xlsx.WNCRY,WANNACRY,unknown_encrypted,unknown_encrypted,train,1276456
data\ransomware_family\WANNACRY\WANNACRY.pdf,WANNACRY,unknown_encrypted,unknown_encrypted,train,3515555
data\ransomware_family\WANNACRY\0006-doc.doc.WNCRY,WANNACRY,unknown_encrypted,unknown_encrypted,train,99096
data\ransomware_family\WANNACRY\0008-jpg-fromweb.jpg.WNCRY,WANNACRY,unknown_encrypted,unknown_encrypted,train,50280
data\ransomware_family\WANNACRY\0001-docx.docx.WNCRY,WANNACRY,unknown_encrypted,unknown_encrypted,train,97128
data\ransomware_family\WANNACRY\0007-doc.doc.WNCRY,WANNACRY,unknown_encrypted,unknown_encrypted,train,202008
data\ransomware_family\WANNACRY\0012-docx.docx.WNCRY,WANNACRY,unknown_encrypted,unknown_encrypted,train,629336
data\ransomware_family\WANNACRY\0004-docx.docx.WNCRY,WANNACRY,unknown_encrypted,unknown_encrypted,train,143704
data\ransomware_family\WANNACRY\0010-xlsx.xlsx.WNCRY,WANNACRY,unknown_encrypted,unknown_encrypted,train,27352
data\ransomware_family\WANNACRY\0011-doc.doc.WNCRY,WANNACRY,unknown_encrypted,unknown_encrypted,train,184088
data\ransomware_family\WANNACRY\0014-xls.xls.WNCRY,WANNACRY,unknown_encrypted,unknown_encrypted,train,31512
data\ransomware_family\WANNACRY\0011-xls.xls.WNCRY,WANNACRY,unknown_encrypted,unknown_encrypted,train,146200
data\ransomware_family\WANNACRY\0001-pptx.pptx.WNCRY,WANNACRY,unknown_encrypted,unknown_encrypted,train,362392
data\ransomware_family\WANNACRY\0009-docx.docx.WNCRY,WANNACRY,unknown_encrypted,unknown_encrypted,train,75432
data\ransomware_family\WANNACRY\0010-doc.doc.WNCRY,WANNACRY,unknown_encrypted,unknown_encrypted,train,45336
data\ransomware_family\WANNACRY\0007-pptx.pptx.WNCRY,WANNACRY,unknown_encrypted,unknown_encrypted,train,244952
data\ransomware_family\WANNACRY\0009-jpg-fromweb.jpg.WNCRY,WANNACRY,unknown_encrypted,unknown_encrypted,train,45000
data\ransomware_family\WANNACRY\0011-xlsx.xlsx.WNCRY,WANNACRY,unknown_encrypted,unknown_encrypted,train,89400
data\ransomware_family\WANNACRY\0008-doc.doc.WNCRY,WANNACRY,unknown_encrypted,unknown_encrypted,train,76568
data\ransomware_family\WANNACRY\0009-doc.doc.WNCRY,WANNACRY,unknown_encrypted,unknown_encrypted,train,458008
data\ransomware_family\WANNACRY\0010-pdf.pdf.WNCRY,WANNACRY,unknown_encrypted,unknown_encrypted,train,23848
data\ransomware_family\WANNACRY\0013-xlsx.xlsx.WNCRY,WANNACRY,unknown_encrypted,unknown_encrypted,train,1183496
data\ransomware_family\WANNACRY\0002-pdf.pdf.WNCRY,WANNACRY,unknown_encrypted,unknown_encrypted,train,2298856
data\ransomware_family\WANNACRY\0002-xls.xls.WNCRY,WANNACRY,unknown_encrypted,unknown_encrypted,train,700184
data\ransomware_family\WANNACRY\0014-pptx.pptx.WNCRY,WANNACRY,unknown_encrypted,unknown_encrypted,train,5920904
data\ransomware_family\WANNACRY\0015-doc.doc.WNCRY,WANNACRY,unknown_encrypted,unknown_encrypted,train,296728
data\ransomware_family\WANNACRY\0003-pptx.pptx.WNCRY,WANNACRY,unknown_encrypted,unknown_encrypted,train,15376472
data\ransomware_family\WANNACRY\0012-xlsx.xlsx.WNCRY,WANNACRY,unknown_encrypted,unknown_encrypted,train,52232
data\ransomware_family\WANNACRY\0004-pdf.pdf.WNCRY,WANNACRY,unknown_encrypted,unknown_encrypted,train,10353432
data\ransomware_family\WANNACRY\0002-doc.doc.WNCRY,WANNACRY,unknown_encrypted,unknown_encrypted,train,44824
data\ransomware_family\WANNACRY\0005-doc.doc.WNCRY,WANNACRY,unknown_encrypted,unknown_encrypted,train,10125592
data\ransomware_family\WANNACRY\0006-docx.docx.WNCRY,WANNACRY,unknown_encrypted,unknown_encrypted,train,89416
data\ransomware_family\WANNACRY\0010-pptx.pptx.WNCRY,WANNACRY,unknown_encrypted,unknown_encrypted,train,213096
data\ransomware_family\WANNACRY\0010-xls.xls.WNCRY,WANNACRY,unknown_encrypted,unknown_encrypted,train,6927640
data\ransomware_family\WANNACRY\0012-xls.xls.WNCRY,WANNACRY,unknown_encrypted,unknown_encrypted,train,32024
data\ransomware_family\WANNACRY\0007-docx.docx.WNCRY,WANNACRY,unknown_encrypted,unknown_encrypted,train,248024
data\ransomware_family\WANNACRY\0006-jpg-fromweb.jpg.WNCRY,WANNACRY,unknown_encrypted,unknown_encrypted,train,20792
data\ransomware_family\WANNACRY\0010-docx.docx.WNCRY,WANNACRY,unknown_encrypted,unknown_encrypted,train,37480
data\ransomware_family\WANNACRY\0015-docx.docx.WNCRY,WANNACRY,unknown_encrypted,unknown_encrypted,train,19064
data\ransomware_family\WANNACRY\0014-xlsx.xlsx.WNCRY,WANNACRY,unknown_encrypted,unknown_encrypted,train,1274632
data\ransomware_family\WANNACRY\0005-xlsx.xlsx.WNCRY,WANNACRY,unknown_encrypted,unknown_encrypted,train,1264200
data\ransomware_family\WANNACRY\0013-doc.doc.WNCRY,WANNACRY,unknown_encrypted,unknown_encrypted,train,158488
data\ransomware_family\WANNACRY\0003-pdf.pdf.WNCRY,WANNACRY,unknown_encrypted,unknown_encrypted,train,1363288
data\ransomware_family\WANNACRY\0009-xls.xls.WNCRY,WANNACRY,unknown_encrypted,unknown_encrypted,train,6964504
data\ransomware_family\WANNACRY\0005-xls.xls.WNCRY,WANNACRY,unknown_encrypted,unknown_encrypted,train,877336
data\ransomware_family\WANNACRY\0002-pptx.pptx.WNCRY,WANNACRY,unknown_encrypted,unknown_encrypted,train,790952
data\ransomware_family\WANNACRY\0008-pptx.pptx.WNCRY,WANNACRY,unknown_encrypted,unknown_encrypted,train,9251352
data\ransomware_family\WANNACRY\0014-docx.docx.WNCRY,WANNACRY,unknown_encrypted,unknown_encrypted,train,15944
data\ransomware_family\WANNACRY\0007-pdf.pdf.WNCRY,WANNACRY,unknown_encrypted,unknown_encrypted,train,390168
data\ransomware_family\WANNACRY\0005-docx.docx.WNCRY,WANNACRY,unknown_encrypted,unknown_encrypted,train,135576
data\ransomware_family\WANNACRY\0006-xls.xls.WNCRY,WANNACRY,unknown_encrypted,unknown_encrypted,train,6924568
data\ransomware_family\WANNACRY\0004-jpg-fromweb.jpg.WNCRY,WANNACRY,unknown_encrypted,unknown_encrypted,train,74952
data\ransomware_family\WANNACRY\0014-doc.doc.WNCRY,WANNACRY,unknown_encrypted,unknown_encrypted,train,95000
data\ransomware_family\WANNACRY\0001-xlsx.xlsx.WNCRY,WANNACRY,unknown_encrypted,unknown_encrypted,train,21096
data\ransomware_family\WANNACRY\0011-docx.docx.WNCRY,WANNACRY,unknown_encrypted,unknown_encrypted,train,183560
data\ransomware_family\WANNACRY\0008-pdf.pdf.WNCRY,WANNACRY,unknown_encrypted,unknown_encrypted,train,158712
data\ransomware_family\WANNACRY\0004-xls.xls.WNCRY,WANNACRY,unknown_encrypted,unknown_encrypted,train,1182488
data\ransomware_family\WANNACRY\0010-jpg-fromweb.jpg.WNCRY,WANNACRY,unknown_encrypted,unknown_encrypted,train,26312
data\ransomware_family\WANNACRY\0001-doc.doc.WNCRY,WANNACRY,unknown_encrypted,unknown_encrypted,train,87832
data\ransomware_family\WANNACRY\0013-jpg-fromweb.jpg.WNCRY,WANNACRY,unknown_encrypted,unknown_encrypted,train,123688
data\ransomware_family\WANNACRY\0006-xlsx.xlsx.WNCRY,WANNACRY,unknown_encrypted,unknown_encrypted,train,1186472
data\ransomware_family\WANNACRY\0013-pptx.pptx.WNCRY,WANNACRY,unknown_encrypted,unknown_encrypted,train,4476664
data\ransomware_family\WANNACRY\0002-docx.docx.WNCRY,WANNACRY,unknown_encrypted,unknown_encrypted,train,1800104
data\ransomware_family\WANNACRY\0013-pdf.pdf.WNCRY,WANNACRY,unknown_encrypted,unknown_encrypted,train,75784
data\ransomware_family\WANNACRY\0008-xls.xls.WNCRY,WANNACRY,unknown_encrypted,unknown_encrypted,train,3311896
data\ransomware_family\WANNACRY\0007-jpg-fromweb.jpg.WNCRY,WANNACRY,unknown_encrypted,unknown_encrypted,train,41112
data\ransomware_family\WANNACRY\0001-xls.xls.WNCRY,WANNACRY,unknown_encrypted,unknown_encrypted,train,78104
data\ransomware_family\WANNACRY\0003-docx.docx.WNCRY,WANNACRY,unknown_encrypted,unknown_encrypted,train,50888
data\ransomware_family\WANNACRY\0006-pdf.pdf.WNCRY,WANNACRY,unknown_encrypted,unknown_encrypted,train,1775032
data\ransomware_family\WANNACRY\0012-pdf.pdf.WNCRY,WANNACRY,unknown_encrypted,unknown_encrypted,val,73112
data\ransomware_family\WANNACRY\0005-pdf.pdf.WNCRY,WANNACRY,unknown_encrypted,unknown_encrypted,val,3338296
data\ransomware_family\WANNACRY\0002-jpg-fromweb.jpg.WNCRY,WANNACRY,unknown_encrypted,unknown_encrypted,val,91560
data\ransomware_family\WANNACRY\0004-pptx.pptx.WNCRY,WANNACRY,unknown_encrypted,unknown_encrypted,val,3456248
data\ransomware_family\WANNACRY\0008-docx.docx.WNCRY,WANNACRY,unknown_encrypted,unknown_encrypted,val,255816
data\ransomware_family\WANNACRY\0007-xlsx.xlsx.WNCRY,WANNACRY,unknown_encrypted,unknown_encrypted,val,1281352
data\ransomware_family\WANNACRY\0011-pdf.pdf.WNCRY,WANNACRY,unknown_encrypted,unknown_encrypted,val,832600
data\ransomware_family\WANNACRY\0012-pptx.pptx.WNCRY,WANNACRY,unknown_encrypted,unknown_encrypted,val,13452728
data\ransomware_family\WANNACRY\0001-pdf.pdf.WNCRY,WANNACRY,unknown_encrypted,unknown_encrypted,val,1461784
data\ransomware_family\WANNACRY\0011-pptx.pptx.WNCRY,WANNACRY,unknown_encrypted,unknown_encrypted,val,5624296
data\ransomware_family\WANNACRY\0002-xlsx.xlsx.WNCRY,WANNACRY,unknown_encrypted,unknown_encrypted,val,1188600
data\ransomware_family\WANNACRY\0006-pptx.pptx.WNCRY,WANNACRY,unknown_encrypted,unknown_encrypted,val,2693496
data\ransomware_family\WANNACRY\0003-xlsx.xlsx.WNCRY,WANNACRY,unknown_encrypted,unknown_encrypted,val,1140248
data\ransomware_family\WANNACRY\0014-jpg-fromweb.jpg.WNCRY,WANNACRY,unknown_encrypted,unknown_encrypted,val,18712
data\ransomware_family\WANNACRY\0014-pdf.pdf.WNCRY,WANNACRY,unknown_encrypted,unknown_encrypted,val,741944
data\ransomware_family\WANNACRY\0012-doc.doc.WNCRY,WANNACRY,unknown_encrypted,unknown_encrypted,test,48408
data\ransomware_family\WANNACRY\0004-doc.doc.WNCRY,WANNACRY,unknown_encrypted,unknown_encrypted,test,71960
data\ransomware_family\WANNACRY\0007-xls.xls.WNCRY,WANNACRY,unknown_encrypted,unknown_encrypted,test,3888920
data\ransomware_family\WANNACRY\0005-pptx.pptx.WNCRY,WANNACRY,unknown_encrypted,unknown_encrypted,test,327368
data\ransomware_family\WANNACRY\0013-xls.xls.WNCRY,WANNACRY,unknown_encrypted,unknown_encrypted,test,34584
data\ransomware_family\WANNACRY\0009-pdf.pdf.WNCRY,WANNACRY,unknown_encrypted,unknown_encrypted,test,859208
data\ransomware_family\WANNACRY\0004-xlsx.xlsx.WNCRY,WANNACRY,unknown_encrypted,unknown_encrypted,test,1164760
data\ransomware_family\WANNACRY\0011-jpg-fromweb.jpg.WNCRY,WANNACRY,unknown_encrypted,unknown_encrypted,test,169112
data\ransomware_family\WANNACRY\0003-doc.doc.WNCRY,WANNACRY,unknown_encrypted,unknown_encrypted,test,275736
data\ransomware_family\WANNACRY\0013-docx.docx.WNCRY,WANNACRY,unknown_encrypted,unknown_encrypted,test,33160
data\ransomware_family\WANNACRY\0009-pptx.pptx.WNCRY,WANNACRY,unknown_encrypted,unknown_encrypted,test,1535960
data\ransomware_family\WANNACRY\0003-jpg-fromweb.jpg.WNCRY,WANNACRY,unknown_encrypted,unknown_encrypted,test,83816
data\ransomware_family\WANNACRY\0005-jpg-fromweb.jpg.WNCRY,WANNACRY,unknown_encrypted,unknown_encrypted,test,20552
data\ransomware_family\WANNACRY\0003-xls.xls.WNCRY,WANNACRY,unknown_encrypted,unknown_encrypted,test,257816
data\ransomware_family\WANNACRY\0012-jpg-fromweb.jpg.WNCRY,WANNACRY,unknown_encrypted,unknown_encrypted,test,140952
data\ransomware_family\WANNACRY\0001-jpg-fromweb.jpg.WNCRY,WANNACRY,unknown_encrypted,unknown_encrypted,test,25768
